name,current_team,position,total_points,games_played,current_value,max_value_1y,season,possible_value_improvement,points_per_value,points_per_game,games_played_perct
Raphinha,Barcelona,Forward,357.0,36,21650000,23780000,2024,2130000,16.49,9.92,0.95
Mbappé,Real Madrid,Forward,353.0,34,26630000,28120000,2024,1490000,13.26,10.38,0.89
Yamal,Barcelona,Forward,333.0,35,25180000,25730000,2024,550000,13.22,9.51,0.92
Pedri,Barcelona,Midfielder,302.0,37,20570000,22050000,2024,1480000,14.68,8.16,0.97
Lewandowski,Barcelona,Forward,284.0,34,18720000,23300000,2024,4580000,15.17,8.35,0.89
Valverde,Real Madrid,Midfielder,278.0,36,18000000,19560000,2024,1560000,15.44,7.72,0.95
Budimir,Osasuna,Forward,272.0,38,14750000,15620000,2024,870000,18.44,7.16,1.0
Julián Alvarez,Atlético,Forward,269.0,37,18090000,19470000,2024,1380000,14.87,7.27,0.97
Baena,Villarreal,Midfielder,261.0,32,17250000,19190000,2024,1940000,15.13,8.16,0.84
Bellingham,Real Madrid,Midfielder,254.0,31,16380000,23820000,2024,7440000,15.51,8.19,0.82
Joan García,Espanyol,Goalkeeper,246.0,38,11360000,11600000,2024,240000,21.65,6.47,1.0
Modric,Real Madrid,Midfielder,240.0,35,9850000,12880000,2024,3030000,24.37,6.86,0.92
Griezmann,Atlético,Forward,238.0,38,10590000,18390000,2024,7800000,22.47,6.26,1.0
Vinícius Jr,Real Madrid,Forward,232.0,30,15660000,24740000,2024,9080000,14.81,7.73,0.79
Ayoze,Villarreal,Forward,231.0,30,14820000,19260000,2024,4440000,15.59,7.7,0.79
Lukébakio,Sevilla,Forward,229.0,38,10490000,15100000,2024,4610000,21.83,6.03,1.0
Sørloth,Atlético,Forward,223.0,35,9800000,17870000,2024,8070000,22.76,6.37,0.92
Rodrygo,Real Madrid,Forward,217.0,30,7780000,18650000,2024,10870000,27.89,7.23,0.79
Rubén García,Osasuna,Midfielder,217.0,36,7300000,7840000,2024,540000,29.73,6.03,0.95
Sergio Herrera,Osasuna,Goalkeeper,217.0,37,4230000,5420000,2024,1190000,51.3,5.86,0.97
Iago Aspas,Celta,Forward,215.0,30,10720000,16690000,2024,5970000,20.06,7.17,0.79
Lejeune,Rayo Vallecano,Defender,209.0,37,6920000,7470000,2024,550000,30.2,5.65,0.97
Sergio Gómez,Real Sociedad,Midfielder,208.0,37,8100000,10390000,2024,2290000,25.68,5.62,0.97
Kike García,Alavés,Forward,208.0,35,5300000,5870000,2024,570000,39.25,5.94,0.92
Kubo,Real Sociedad,Midfielder,205.0,36,12180000,16300000,2024,4120000,16.83,5.69,0.95
Raíllo,Mallorca,Defender,203.0,36,6590000,8850000,2024,2260000,30.8,5.64,0.95
Isco,Betis,Midfielder,200.0,22,21070000,22680000,2024,1610000,9.49,9.09,0.58
Mingueza,Celta,Defender,200.0,34,7000000,8780000,2024,1780000,28.57,5.88,0.89
Raba,Leganés,Forward,199.0,29,6540000,6900000,2024,360000,30.43,6.86,0.76
Darder,Mallorca,Midfielder,198.0,38,6960000,7700000,2024,740000,28.45,5.21,1.0
Tenaglia,Alavés,Defender,198.0,34,4590000,5230000,2024,640000,43.14,5.82,0.89
Sancet,Athletic,Midfielder,197.0,29,14730000,16960000,2024,2230000,13.37,6.79,0.76
De Paul,Atlético,Midfielder,197.0,34,9120000,12730000,2024,3610000,21.6,5.79,0.89
Aimar Oroz,Osasuna,Midfielder,197.0,37,8110000,8870000,2024,760000,24.29,5.32,0.97
Berenguer,Athletic,Forward,197.0,36,7100000,10400000,2024,3300000,27.75,5.47,0.95
Vivian,Athletic,Defender,196.0,32,8950000,9570000,2024,620000,21.9,6.12,0.84
Comesaña,Villarreal,Midfielder,196.0,35,6280000,6930000,2024,650000,31.21,5.6,0.92
Barry,Villarreal,Forward,196.0,35,4900000,6350000,2024,1450000,40.0,5.6,0.92
Marcos Llorente,Atlético,Midfielder,195.0,33,10250000,10670000,2024,420000,19.02,5.91,0.87
Lo Celso,Betis,Midfielder,194.0,25,11620000,19220000,2024,7600000,16.7,7.76,0.66
Iñaki Williams,Athletic,Forward,194.0,35,9550000,15990000,2024,6440000,20.31,5.54,0.92
Koundé,Barcelona,Defender,194.0,32,6450000,12600000,2024,6150000,30.08,6.06,0.84
Álvaro García,Rayo Vallecano,Forward,194.0,36,6010000,6690000,2024,680000,32.28,5.39,0.95
Sergi Cardona,Villarreal,Defender,191.0,35,4680000,7050000,2024,2370000,40.81,5.46,0.92
Arambarri,Getafe,Midfielder,189.0,35,10110000,10920000,2024,810000,18.69,5.4,0.92
Dani Olmo,Barcelona,Midfielder,188.0,25,14690000,18100000,2024,3410000,12.8,7.52,0.66
Parejo,Villarreal,Midfielder,187.0,36,7460000,11960000,2024,4500000,25.07,5.19,0.95
Carlos Vicente,Alavés,Forward,187.0,37,6220000,6540000,2024,320000,30.06,5.05,0.97
Rioja,Valencia,Forward,187.0,37,5380000,6290000,2024,910000,34.76,5.05,0.97
Dani Rodríguez,Mallorca,Midfielder,186.0,37,4650000,6720000,2024,2070000,40.0,5.03,0.97
Catena,Osasuna,Defender,184.0,35,2920000,3330000,2024,410000,63.01,5.26,0.92
Pape Gueye,Villarreal,Midfielder,183.0,34,5630000,9490000,2024,3860000,32.5,5.38,0.89
Zubimendi,Real Sociedad,Midfielder,182.0,36,9280000,12840000,2024,3560000,19.61,5.06,0.95
Borja Iglesias,Celta,Forward,182.0,37,7060000,7350000,2024,290000,25.78,4.92,0.97
David Soria,Getafe,Goalkeeper,181.0,38,3510000,4920000,2024,1410000,51.57,4.76,1.0
Oblak,Atlético,Goalkeeper,181.0,36,3330000,5370000,2024,2040000,54.35,5.03,0.95
Luis Milla,Getafe,Midfielder,180.0,33,7250000,9510000,2024,2260000,24.83,5.45,0.87
Puado,Espanyol,Forward,180.0,35,6780000,7550000,2024,770000,26.55,5.14,0.92
Arda Güler,Real Madrid,Midfielder,176.0,28,8570000,10580000,2024,2010000,20.54,6.29,0.74
Cabrera,Espanyol,Defender,176.0,33,4640000,5320000,2024,680000,37.93,5.33,0.87
Isi Palazón,Rayo Vallecano,Forward,174.0,35,4290000,5600000,2024,1310000,40.56,4.97,0.92
Sandro,Las Palmas,Forward,172.0,31,3670000,9530000,2024,5860000,46.87,5.55,0.82
Ratiu,Rayo Vallecano,Defender,171.0,35,5920000,7680000,2024,1760000,28.89,4.89,0.92
Alderete,Getafe,Defender,170.0,34,4150000,4450000,2024,300000,40.96,5.0,0.89
Batalla,Rayo Vallecano,Goalkeeper,170.0,32,3930000,5510000,2024,1580000,43.26,5.31,0.84
Kumbulla,Espanyol,Defender,170.0,35,2840000,4170000,2024,1330000,59.86,4.86,0.92
Iñigo Martínez,Barcelona,Defender,169.0,28,10560000,10900000,2024,340000,16.0,6.04,0.74
Ferran Torres,Barcelona,Forward,169.0,27,7510000,11410000,2024,3900000,22.5,6.26,0.71
Marcos Alonso,Celta,Defender,169.0,31,6070000,6590000,2024,520000,27.84,5.45,0.82
Yéremy Pino,Villarreal,Forward,169.0,34,3680000,4590000,2024,910000,45.92,4.97,0.89
Diego López,Valencia,Forward,168.0,38,6750000,8200000,2024,1450000,24.89,4.42,1.0
Blind,Girona,Defender,168.0,34,2840000,7120000,2024,4280000,59.15,4.94,0.89
Boyomo,Osasuna,Defender,167.0,37,3730000,5690000,2024,1960000,44.77,4.51,0.97
Tchouameni,Real Madrid,Midfielder,166.0,32,6320000,6930000,2024,610000,26.27,5.19,0.84
Javi Rodríguez,Celta,Defender,166.0,36,3560000,3630000,2024,70000,46.63,4.61,0.95
Lucas Vázquez,Real Madrid,Defender,166.0,32,3450000,5420000,2024,1970000,48.12,5.19,0.84
Guruzeta,Athletic,Forward,166.0,36,3030000,9680000,2024,6650000,54.79,4.61,0.95
Pepelu,Valencia,Midfielder,166.0,34,2450000,15430000,2024,12980000,67.76,4.88,0.89
Torró,Osasuna,Midfielder,164.0,35,3700000,4200000,2024,500000,44.32,4.69,0.92
Remiro,Real Sociedad,Goalkeeper,164.0,36,2860000,5690000,2024,2830000,57.34,4.56,0.95
Juan Cruz Díaz,Leganés,Forward,163.0,34,3310000,5650000,2024,2340000,49.24,4.79,0.89
Oyarzabal,Real Sociedad,Forward,162.0,35,6940000,11170000,2024,4230000,23.34,4.63,0.92
Stuani,Girona,Forward,162.0,32,5420000,5810000,2024,390000,29.89,5.06,0.84
Hugo Duro,Valencia,Forward,162.0,31,5180000,9600000,2024,4420000,31.27,5.23,0.82
El Hilali,Espanyol,Defender,162.0,36,2900000,3750000,2024,850000,55.86,4.5,0.95
Cubarsi,Barcelona,Defender,161.0,35,8220000,14950000,2024,6730000,19.59,4.6,0.92
Pépé,Villarreal,Forward,160.0,28,6690000,7120000,2024,430000,23.92,5.71,0.74
Moleiro,Las Palmas,Midfielder,159.0,35,6240000,9710000,2024,3470000,25.48,4.54,0.92
Gazzaniga,Girona,Goalkeeper,159.0,36,2670000,4980000,2024,2310000,59.55,4.42,0.95
Fermín,Barcelona,Midfielder,158.0,28,7030000,10580000,2024,3550000,22.48,5.64,0.74
Carlos Romero,Espanyol,Defender,158.0,34,3970000,4390000,2024,420000,39.8,4.65,0.89
Samu Lino,Atlético,Midfielder,158.0,31,3570000,9500000,2024,5930000,44.26,5.1,0.82
Uche,Getafe,Forward,158.0,33,3340000,6160000,2024,2820000,47.31,4.79,0.87
Jauregizar,Athletic,Midfielder,157.0,34,3880000,4430000,2024,550000,40.46,4.62,0.89
Diego Rico,Getafe,Defender,157.0,33,2870000,4870000,2024,2000000,54.7,4.76,0.87
Greif,Mallorca,Goalkeeper,157.0,31,1750000,2760000,2024,1010000,89.71,5.06,0.82
Yangel Herrera,Girona,Midfielder,156.0,29,4410000,11680000,2024,7270000,35.37,5.38,0.76
Valjent,Mallorca,Defender,156.0,31,3900000,4630000,2024,730000,40.0,5.03,0.82
Sergio González,Leganés,Defender,155.0,36,2840000,4300000,2024,1460000,54.58,4.31,0.95
Giuliano Simeone,Atlético,Midfielder,154.0,33,9120000,10010000,2024,890000,16.89,4.67,0.87
Courtois,Real Madrid,Goalkeeper,154.0,30,5300000,8620000,2024,3320000,29.06,5.13,0.79
Tárrega,Valencia,Defender,154.0,34,4470000,4890000,2024,420000,34.45,4.53,0.89
Mosquera,Valencia,Defender,154.0,37,3800000,8820000,2024,5020000,40.53,4.16,0.97
Dmitrovic,Leganés,Goalkeeper,154.0,32,3220000,4680000,2024,1460000,47.83,4.81,0.84
Sivera,Alavés,Goalkeeper,154.0,32,2800000,4210000,2024,1410000,55.0,4.81,0.84
Kike Salas,Sevilla,Defender,153.0,31,3370000,3660000,2024,290000,45.4,4.94,0.82
Arnau Martínez,Girona,Defender,153.0,32,2890000,4270000,2024,1380000,52.94,4.78,0.84
André Almeida,Valencia,Midfielder,153.0,34,2830000,3770000,2024,940000,54.06,4.5,0.89
Diego Llorente,Betis,Defender,153.0,30,2320000,7690000,2024,5370000,65.95,5.1,0.79
Muriqi,Mallorca,Forward,152.0,29,5400000,10540000,2024,5140000,28.15,5.24,0.76
Fábio Silva,Las Palmas,Forward,152.0,24,3540000,6270000,2024,2730000,42.94,6.33,0.63
Miguel Gutiérrez,Girona,Defender,151.0,29,3350000,10900000,2024,7550000,45.07,5.21,0.76
Pathé Ciss,Rayo Vallecano,Midfielder,151.0,33,3030000,3240000,2024,210000,49.83,4.58,0.87
Juan Iglesias,Getafe,Defender,151.0,37,2110000,3490000,2024,1380000,71.56,4.08,0.97
Eric García,Barcelona,Defender,150.0,29,6460000,10100000,2024,3640000,23.22,5.17,0.76
Fran García,Real Madrid,Defender,149.0,31,4950000,5350000,2024,400000,30.1,4.81,0.82
Barrios,Atlético,Midfielder,148.0,31,3290000,4580000,2024,1290000,44.98,4.77,0.82
Javi Muñoz,Las Palmas,Midfielder,148.0,35,2070000,3060000,2024,990000,71.5,4.23,0.92
Ilaix Moriba,Celta,Midfielder,147.0,33,4850000,5430000,2024,580000,30.31,4.45,0.87
Barrenechea,Valencia,Midfielder,147.0,30,4750000,6940000,2024,2190000,30.95,4.9,0.79
Ez Abde,Betis,Forward,147.0,32,4690000,6300000,2024,1610000,31.34,4.59,0.84
Agoumé,Sevilla,Midfielder,147.0,35,3850000,4400000,2024,550000,38.18,4.2,0.92
Tsygankov,Girona,Forward,147.0,27,3750000,12670000,2024,8920000,39.2,5.44,0.71
Raúl Moro,Real Valladolid,Forward,147.0,33,3270000,6320000,2024,3050000,44.95,4.45,0.87
Chavarría,Rayo Vallecano,Defender,147.0,34,2830000,3970000,2024,1140000,51.94,4.32,0.89
Nico Williams,Athletic,Forward,146.0,29,10060000,17370000,2024,7310000,14.51,5.03,0.76
Gallagher,Atlético,Midfielder,146.0,32,2820000,8840000,2024,6020000,51.77,4.56,0.84
Carmona,Sevilla,Defender,146.0,35,1710000,3070000,2024,1360000,85.38,4.17,0.92
Fran Beltrán,Celta,Midfielder,145.0,34,2800000,3320000,2024,520000,51.79,4.26,0.89
Balde,Barcelona,Defender,144.0,32,6320000,7960000,2024,1640000,22.78,4.5,0.84
De Frutos,Rayo Vallecano,Forward,144.0,36,3860000,5670000,2024,1810000,37.31,4.0,0.95
Jordán,Alavés,Midfielder,144.0,25,2810000,4440000,2024,1630000,51.25,5.76,0.66
Guaita,Celta,Goalkeeper,144.0,34,2430000,3480000,2024,1050000,59.26,4.24,0.89
Iván Sánchez,Real Valladolid,Midfielder,144.0,32,660000,1590000,2024,930000,218.18,4.5,0.84
Javi Guerra,Valencia,Midfielder,143.0,36,4440000,5090000,2024,650000,32.21,3.97,0.95
Rüdiger,Real Madrid,Defender,143.0,29,2910000,10030000,2024,7120000,49.14,4.93,0.76
Mamardashvili,Valencia,Goalkeeper,142.0,34,3630000,5280000,2024,1650000,39.12,4.18,0.89
Aramburu,Real Sociedad,Defender,142.0,35,2160000,4060000,2024,1900000,65.74,4.06,0.92
Maffeo,Mallorca,Defender,141.0,30,2330000,4390000,2024,2060000,60.52,4.7,0.79
Rosier,Leganés,Defender,141.0,32,2330000,3430000,2024,1100000,60.52,4.41,0.84
Brahim,Real Madrid,Forward,140.0,31,3630000,15310000,2024,11680000,38.57,4.52,0.82
Koke,Atlético,Midfielder,140.0,32,1390000,4020000,2024,2630000,100.72,4.38,0.84
Johnny,Betis,Midfielder,139.0,28,6830000,8370000,2024,1540000,20.35,4.96,0.74
Logan Costa,Villarreal,Defender,139.0,32,2830000,3150000,2024,320000,49.12,4.34,0.84
Cissé,Leganés,Midfielder,139.0,34,2710000,3030000,2024,320000,51.29,4.09,0.89
Unai López,Rayo Vallecano,Midfielder,139.0,32,1140000,3540000,2024,2400000,121.93,4.34,0.84
Bartra,Betis,Defender,138.0,25,5430000,6080000,2024,650000,25.41,5.52,0.66
Badé,Sevilla,Defender,138.0,32,2150000,3260000,2024,1110000,64.19,4.31,0.84
McBurnie,Las Palmas,Forward,138.0,34,1260000,3200000,2024,1940000,109.52,4.06,0.89
Sow,Sevilla,Midfielder,138.0,30,790000,3030000,2024,2240000,174.68,4.6,0.79
Samú Costa,Mallorca,Midfielder,137.0,32,2450000,5220000,2024,2770000,55.92,4.28,0.84
Tapia,Leganés,Midfielder,137.0,34,2060000,2370000,2024,310000,66.5,4.03,0.89
Juanlu,Sevilla,Midfielder,136.0,32,2110000,3050000,2024,940000,64.45,4.25,0.84
Mojica,Mallorca,Defender,134.0,36,2940000,3370000,2024,430000,45.58,3.72,0.95
Moncayola,Osasuna,Midfielder,134.0,32,1950000,2740000,2024,790000,68.72,4.19,0.84
Lenglet,Atlético,Defender,133.0,23,2010000,4210000,2024,2200000,66.17,5.78,0.61
Starfelt,Celta,Defender,133.0,28,1290000,3700000,2024,2410000,103.1,4.75,0.74
De Jong,Barcelona,Midfielder,132.0,26,11190000,12100000,2024,910000,11.8,5.08,0.68
Sergi Altimira,Betis,Midfielder,132.0,32,2440000,3210000,2024,770000,54.1,4.12,0.84
Cillessen,Las Palmas,Goalkeeper,131.0,27,1530000,4750000,2024,3220000,85.62,4.85,0.71
Fornals,Betis,Midfielder,130.0,26,3600000,12810000,2024,9210000,36.11,5.0,0.68
Areso,Osasuna,Defender,130.0,36,3400000,3670000,2024,270000,38.24,3.61,0.95
Karl Hein,Real Valladolid,Goalkeeper,130.0,31,970000,3250000,2024,2280000,134.02,4.19,0.82
Antony,Betis,Forward,129.0,17,20740000,22830000,2024,2090000,6.22,7.59,0.45
Yuri,Athletic,Defender,129.0,30,2740000,3990000,2024,1250000,47.08,4.3,0.79
Jofre Carreras,Espanyol,Midfielder,129.0,37,2170000,3030000,2024,860000,59.45,3.49,0.97
Alex Kral,Espanyol,Midfielder,129.0,37,1230000,4050000,2024,2820000,104.88,3.49,0.97
Bretones,Osasuna,Defender,129.0,35,1220000,3310000,2024,2090000,105.74,3.69,0.92
Bryan Zaragoza,Osasuna,Forward,128.0,27,5750000,11750000,2024,6000000,22.26,4.74,0.71
Alfon González,Celta,Forward,128.0,26,5020000,6200000,2024,1180000,25.5,4.92,0.68
David López,Girona,Defender,128.0,29,2840000,6640000,2024,3800000,45.07,4.41,0.76
Krejci,Girona,Defender,128.0,29,2760000,5100000,2024,2340000,46.38,4.41,0.76
Giménez,Atlético,Defender,128.0,27,2170000,5040000,2024,2870000,58.99,4.74,0.71
Swedberg,Celta,Midfielder,128.0,32,1690000,4620000,2024,2930000,75.74,4.0,0.84
Luka Sucic,Real Sociedad,Midfielder,127.0,29,1870000,5730000,2024,3860000,67.91,4.38,0.76
Pedrosa,Sevilla,Defender,127.0,31,1340000,2610000,2024,1270000,94.78,4.1,0.82
Iván Martín,Girona,Midfielder,126.0,32,1680000,9070000,2024,7390000,75.0,3.94,0.84
Fuster,Las Palmas,Forward,126.0,28,290000,3770000,2024,3480000,434.48,4.5,0.74
Bryan Gil,Girona,Forward,124.0,25,1490000,9910000,2024,8420000,83.22,4.96,0.66
Larin,Mallorca,Forward,124.0,32,1230000,4010000,2024,2780000,100.81,3.88,0.84
Antonio Blanco,Alavés,Midfielder,123.0,35,1450000,2870000,2024,1420000,84.83,3.51,0.92
Guridi,Alavés,Midfielder,123.0,33,1350000,3750000,2024,2400000,91.11,3.73,0.87
Asprilla,Girona,Forward,123.0,27,1290000,3060000,2024,1770000,95.35,4.56,0.71
Neyou,Leganés,Midfielder,123.0,30,1080000,3210000,2024,2130000,113.89,4.1,0.79
Gudelj,Sevilla,Defender,123.0,31,1030000,1790000,2024,760000,119.42,3.97,0.82
Correa,Atlético,Forward,122.0,31,1450000,4220000,2024,2770000,84.14,3.94,0.82
Embarba,Rayo Vallecano,Forward,121.0,35,440000,3470000,2024,3030000,275.0,3.46,0.92
Marc Casadó,Barcelona,Midfielder,120.0,23,3150000,9990000,2024,6840000,38.1,5.22,0.61
Le Normand,Atlético,Defender,119.0,27,3440000,6840000,2024,3400000,34.59,4.41,0.71
De Galarreta,Athletic,Midfielder,119.0,26,3030000,5150000,2024,2120000,39.27,4.58,0.68
Danjuma,Girona,Forward,119.0,28,2320000,6050000,2024,3730000,51.29,4.25,0.74
Kiko Femenía,Villarreal,Defender,119.0,28,1610000,3280000,2024,1670000,73.91,4.25,0.74
Molina,Atlético,Defender,119.0,30,850000,1990000,2024,1140000,140.0,3.97,0.79
Mascarell,Mallorca,Midfielder,119.0,32,490000,880000,2024,390000,242.86,3.72,0.84
Hugo Álvarez,Celta,Midfielder,118.0,26,1510000,4560000,2024,3050000,78.15,4.54,0.68
Viti Rozada,Las Palmas,Defender,118.0,29,750000,1640000,2024,890000,157.33,4.07,0.76
Ceballos,Real Madrid,Midfielder,117.0,23,5600000,6940000,2024,1340000,20.89,5.09,0.61
Natan,Betis,Defender,117.0,31,2610000,3670000,2024,1060000,44.83,3.77,0.82
Saúl,Sevilla,Midfielder,117.0,24,1350000,3940000,2024,2590000,86.67,4.88,0.63
Yeray,Athletic,Defender,116.0,21,2550000,3450000,2024,900000,45.49,5.52,0.55
Ruibal,Betis,Midfielder,116.0,29,1930000,2240000,2024,310000,60.1,4.0,0.76
Pablo Durán,Celta,Forward,116.0,27,1890000,3670000,2024,1780000,61.38,4.3,0.71
Toni Martínez,Alavés,Forward,116.0,28,390000,4170000,2024,3780000,297.44,4.14,0.74
Aguerd,Real Sociedad,Defender,115.0,21,1790000,5430000,2024,3640000,64.25,5.48,0.55
Beñat Prados,Athletic,Midfielder,115.0,30,1360000,3560000,2024,2200000,84.56,3.83,0.79
Mumin,Rayo Vallecano,Defender,115.0,24,1020000,5170000,2024,4150000,112.75,4.79,0.63
Essugo,Las Palmas,Midfielder,115.0,27,960000,3370000,2024,2410000,119.79,4.26,0.71
Brais Méndez,Real Sociedad,Midfielder,114.0,27,3290000,13670000,2024,10380000,34.65,4.22,0.71
Jorge Sáenz,Leganés,Defender,114.0,23,960000,1760000,2024,800000,118.75,4.96,0.61
Terrats,Getafe,Midfielder,113.0,26,4080000,4990000,2024,910000,27.7,4.35,0.68
Manu Sánchez,Alavés,Defender,113.0,33,1390000,1740000,2024,350000,81.29,3.42,0.87
Foyth,Villarreal,Defender,112.0,19,6900000,8090000,2024,1190000,16.23,5.89,0.5
Camavinga,Real Madrid,Midfielder,112.0,19,2720000,13690000,2024,10970000,41.18,5.89,0.5
Nyland,Sevilla,Goalkeeper,112.0,30,2330000,3910000,2024,1580000,48.07,3.73,0.79
Mika Mármol,Las Palmas,Defender,112.0,30,940000,4540000,2024,3600000,119.15,3.73,0.79
Óscar,Leganés,Midfielder,112.0,29,670000,3450000,2024,2780000,167.16,3.86,0.76
Pedro Díaz,Rayo Vallecano,Midfielder,111.0,26,5780000,8990000,2024,3210000,19.2,4.27,0.68
Gavi,Barcelona,Midfielder,110.0,26,7410000,7860000,2024,450000,14.84,4.23,0.68
Gayà,Valencia,Defender,110.0,23,4620000,5510000,2024,890000,23.81,4.78,0.61
Ejuke,Sevilla,Forward,110.0,25,1390000,6020000,2024,4630000,79.14,4.4,0.66
Óscar Valentín,Rayo Vallecano,Midfielder,110.0,34,890000,3020000,2024,2130000,123.6,3.24,0.89
De Marcos,Athletic,Defender,109.0,26,1750000,3900000,2024,2150000,62.29,4.19,0.68
Tejero,Espanyol,Defender,109.0,28,480000,1540000,2024,1060000,227.08,3.89,0.74
Sylla,Real Valladolid,Forward,109.0,29,230000,1890000,2024,1660000,473.91,3.76,0.76
Unai Simón,Athletic,Goalkeeper,108.0,21,4540000,5290000,2024,750000,23.79,5.14,0.55
Santiago Mouriño,Alavés,Defender,107.0,25,3020000,3560000,2024,540000,35.43,4.28,0.66
Javi Hernández,Leganés,Defender,107.0,31,920000,3400000,2024,2480000,116.3,3.45,0.82
Paredes,Athletic,Defender,107.0,23,870000,2730000,2024,1860000,122.99,4.65,0.61
Abqar,Alavés,Defender,107.0,29,700000,2140000,2024,1440000,152.86,3.69,0.76
Nastasić,Leganés,Defender,107.0,26,480000,1550000,2024,1070000,222.92,4.12,0.68
Cucho,Betis,Forward,106.0,15,11120000,12760000,2024,1640000,9.53,7.07,0.39
Aleñá,Alavés,Midfielder,106.0,24,1490000,3040000,2024,1550000,71.14,4.42,0.63
Guevara,Alavés,Midfielder,106.0,33,480000,2560000,2024,2080000,220.83,3.21,0.87
Van de Beek,Girona,Midfielder,105.0,26,1120000,6600000,2024,5480000,93.75,4.04,0.68
Raúl Asencio,Real Madrid,Defender,104.0,23,6210000,7280000,2024,1070000,16.75,4.52,0.61
Kirian,Las Palmas,Midfielder,104.0,21,1020000,9640000,2024,8620000,101.96,4.95,0.55
Camello,Rayo Vallecano,Forward,104.0,23,520000,3550000,2024,3030000,200.0,4.52,0.61
Zubeldia,Real Sociedad,Defender,103.0,28,1540000,3660000,2024,2120000,66.88,3.68,0.74
Mayoral,Getafe,Forward,102.0,24,2710000,5700000,2024,2990000,37.64,4.25,0.63
Munir,Leganés,Forward,102.0,25,1370000,1810000,2024,440000,74.45,4.08,0.66
Barrenetxea,Real Sociedad,Midfielder,102.0,30,1120000,5440000,2024,4320000,91.07,3.4,0.79
Perraud,Betis,Defender,102.0,28,1000000,3030000,2024,2030000,102.0,3.64,0.74
Luis Pérez,Real Valladolid,Defender,102.0,30,480000,2930000,2024,2450000,212.5,3.4,0.79
Raul García,Osasuna,Forward,102.0,32,330000,2460000,2024,2130000,309.09,3.19,0.84
Gerard Moreno,Villarreal,Forward,101.0,17,4640000,12240000,2024,7600000,21.77,5.94,0.45
Foulquier,Valencia,Defender,101.0,32,1810000,2670000,2024,860000,55.8,3.16,0.84
Djené,Getafe,Defender,101.0,31,1220000,3250000,2024,2030000,82.79,3.26,0.82
Galán,Atlético,Defender,100.0,25,2180000,3380000,2024,1200000,45.87,4.0,0.66
McKenna,Las Palmas,Defender,100.0,29,420000,1420000,2024,1000000,238.1,3.45,0.76
Campaña,Las Palmas,Midfielder,100.0,25,370000,2020000,2024,1650000,270.27,4.0,0.66
Roberto Fernández,Espanyol,Forward,99.0,19,4880000,5450000,2024,570000,20.29,5.21,0.5
Pol Lozano,Espanyol,Midfielder,99.0,30,930000,1030000,2024,100000,106.45,3.3,0.79
Brasanac,Leganés,Midfielder,99.0,30,550000,2890000,2024,2340000,180.0,3.3,0.79
Amallah,Real Valladolid,Midfielder,99.0,24,360000,3050000,2024,2690000,275.0,4.12,0.63
Anuar,Real Valladolid,Midfielder,99.0,26,310000,1040000,2024,730000,319.35,3.81,0.68
Luiz Júnior,Villarreal,Goalkeeper,98.0,17,2710000,3670000,2024,960000,36.16,5.76,0.45
Carreira,Celta,Defender,97.0,23,2010000,4490000,2024,2480000,48.26,4.22,0.61
Latasa,Real Valladolid,Forward,97.0,28,550000,1430000,2024,880000,176.36,3.46,0.74
Diego Conde,Villarreal,Goalkeeper,96.0,22,1130000,5000000,2024,3870000,84.96,4.36,0.58
Antonio Sánchez,Mallorca,Midfielder,96.0,33,380000,1680000,2024,1300000,252.63,2.91,0.87
Álex Muñoz,Las Palmas,Defender,96.0,21,370000,3190000,2024,2820000,259.46,4.57,0.55
Copete,Mallorca,Defender,95.0,25,1900000,2910000,2024,1010000,50.0,3.8,0.66
Isaac Romero,Sevilla,Forward,95.0,31,1320000,7180000,2024,5860000,71.97,3.06,0.82
Unai Gómez,Athletic,Midfielder,95.0,32,430000,910000,2024,480000,220.93,2.97,0.84
Javi Sánchez,Real Valladolid,Defender,95.0,25,360000,1410000,2024,1050000,263.89,3.8,0.66
Robert Navarro,Mallorca,Midfielder,94.0,23,1000000,5110000,2024,4110000,94.0,4.09,0.61
Gerard Martín,Barcelona,Defender,93.0,28,3600000,4120000,2024,520000,25.83,3.32,0.74
Domingos Duarte,Getafe,Defender,93.0,22,1040000,2760000,2024,1720000,89.42,4.23,0.58
Expósito,Espanyol,Midfielder,92.0,19,4660000,5300000,2024,640000,19.74,4.84,0.5
Álex Suárez,Las Palmas,Defender,92.0,30,540000,2610000,2024,2070000,170.37,3.07,0.79
Becker,Real Sociedad,Forward,92.0,22,400000,4900000,2024,4500000,230.0,4.18,0.58
Carles Pérez,Getafe,Forward,92.0,27,260000,3060000,2024,2800000,353.85,3.41,0.71
Morlanes,Mallorca,Midfielder,91.0,23,620000,2850000,2024,2230000,146.77,3.96,0.61
Carlos Martín,Alavés,Forward,91.0,26,300000,890000,2024,590000,303.33,3.5,0.68
Mario Martín,Real Valladolid,Midfielder,90.0,30,380000,1480000,2024,1100000,236.84,3.0,0.79
Álvaro Rodríguez,Getafe,Forward,90.0,22,300000,1420000,2024,1120000,300.0,4.09,0.58
Lokonga,Sevilla,Midfielder,89.0,22,460000,3190000,2024,2730000,193.48,4.05,0.58
Pablo Ibáñez,Osasuna,Midfielder,89.0,28,250000,720000,2024,470000,356.0,3.18,0.74
Gorosabel,Athletic,Defender,87.0,20,650000,3400000,2024,2750000,133.85,4.35,0.53
Nteka,Rayo Vallecano,Forward,87.0,24,190000,380000,2024,190000,457.89,3.62,0.63
Sadiq,Valencia,Forward,85.0,23,3190000,6010000,2024,2820000,26.65,3.7,0.61
Bakambu,Betis,Forward,85.0,25,860000,1450000,2024,590000,98.84,3.4,0.66
Diego García,Leganés,Forward,85.0,28,340000,870000,2024,530000,250.0,3.04,0.74
Peque,Sevilla,Forward,84.0,26,620000,3230000,2024,2610000,135.48,3.23,0.68
Januzaj,Las Palmas,Midfielder,84.0,18,480000,2750000,2024,2270000,175.0,4.67,0.47
De La Fuente,Leganés,Forward,84.0,34,380000,3150000,2024,2770000,221.05,2.47,0.89
Pablo Marín,Real Sociedad,Midfielder,83.0,23,1440000,1620000,2024,180000,57.64,3.61,0.61
Portu,Girona,Forward,82.0,27,2220000,6290000,2024,4070000,36.94,3.04,0.71
Oriol Romeu,Girona,Midfielder,82.0,25,380000,3660000,2024,3280000,215.79,3.28,0.66
Sotelo,Celta,Midfielder,82.0,24,290000,1110000,2024,820000,282.76,3.42,0.63
Sabaly,Betis,Defender,80.0,22,830000,1700000,2024,870000,96.39,3.64,0.58
Vesga,Athletic,Midfielder,80.0,25,290000,1210000,2024,920000,275.86,3.2,0.66
Antoniu Roca,Espanyol,Forward,80.0,26,290000,940000,2024,650000,275.86,3.08,0.68
Jesús Rodríguez,Betis,Forward,79.0,21,6220000,8990000,2024,2770000,12.7,3.76,0.55
Adrián,Betis,Goalkeeper,79.0,19,1490000,1730000,2024,240000,53.02,4.16,0.5
Balliu,Rayo Vallecano,Defender,79.0,25,1210000,1720000,2024,510000,65.29,3.16,0.66
Marc Roca,Betis,Midfielder,79.0,14,610000,4130000,2024,3520000,129.51,5.64,0.37
Chimy Ávila,Betis,Forward,79.0,19,400000,3690000,2024,3290000,197.5,4.16,0.5
Denis Suárez,Villarreal,Midfielder,79.0,21,300000,650000,2024,350000,263.33,3.76,0.55
Calero,Espanyol,Defender,79.0,21,290000,1130000,2024,840000,272.41,3.76,0.55
Olasagasti,Real Sociedad,Midfielder,78.0,22,230000,350000,2024,120000,339.13,3.55,0.58
Mata,Las Palmas,Forward,78.0,30,200000,1640000,2024,1440000,390.0,2.6,0.79
Yıldırım,Getafe,Forward,77.0,22,230000,1570000,2024,1340000,334.78,3.5,0.58
Abel Ruiz,Girona,Forward,76.0,23,540000,5280000,2024,4740000,140.74,3.3,0.61
Militão,Real Madrid,Defender,76.0,12,410000,8460000,2024,8050000,185.37,6.33,0.32
Adrià Altimira,Leganés,Defender,76.0,22,380000,430000,2024,50000,200.0,3.45,0.58
Gumbau,Rayo Vallecano,Midfielder,76.0,22,270000,2760000,2024,2490000,281.48,3.45,0.58
Asano,Mallorca,Forward,75.0,21,1200000,4370000,2024,3170000,62.5,3.57,0.55
Iñaki Peña,Barcelona,Goalkeeper,75.0,16,640000,4270000,2024,3630000,117.19,4.69,0.42
Javi López,Real Sociedad,Defender,75.0,29,380000,3200000,2024,2820000,197.37,2.59,0.76
Alejo Véliz,Espanyol,Forward,75.0,27,270000,3470000,2024,3200000,277.78,2.78,0.71
Elustondo,Real Sociedad,Defender,73.0,22,540000,1400000,2024,860000,135.19,3.32,0.58
Óskarsson,Real Sociedad,Forward,72.0,23,280000,3200000,2024,2920000,257.14,3.13,0.61
Herzog,Las Palmas,Defender,72.0,19,160000,410000,2024,250000,450.0,3.79,0.5
Jurić,Real Valladolid,Midfielder,71.0,26,230000,890000,2024,660000,308.7,2.73,0.68
Marcos André,Real Valladolid,Forward,71.0,22,220000,470000,2024,250000,322.73,3.23,0.58
Fer López,Celta,Midfielder,70.0,17,2980000,3720000,2024,740000,23.49,4.12,0.45
Carlos Dominguez,Celta,Defender,70.0,19,650000,1440000,2024,790000,107.69,3.68,0.5
Coba Gomes,Getafe,Forward,70.0,19,350000,2520000,2024,2170000,200.0,3.68,0.5
Azpilicueta,Atlético,Defender,70.0,14,320000,2240000,2024,1920000,218.75,5.0,0.37
Benavidez,Alavés,Midfielder,70.0,18,220000,2350000,2024,2130000,318.18,3.89,0.47
Fran Pérez,Valencia,Forward,70.0,26,180000,840000,2024,660000,388.89,2.69,0.68
Urko Gonzalez,Espanyol,Defender,69.0,18,1620000,1900000,2024,280000,42.59,3.83,0.47
Juanmi,Getafe,Forward,69.0,24,390000,3110000,2024,2720000,176.92,2.88,0.63
Juan Cruz,Osasuna,Defender,69.0,25,330000,370000,2024,40000,209.09,2.76,0.66
Herrando,Osasuna,Defender,68.0,18,850000,1870000,2024,1020000,80.0,3.78,0.47
Turrientes,Real Sociedad,Midfielder,68.0,21,320000,3060000,2024,2740000,212.5,3.24,0.55
Moi Gómez,Osasuna,Midfielder,68.0,26,270000,2470000,2024,2200000,251.85,2.62,0.68
Moussa Diarra,Alavés,Defender,68.0,26,260000,1410000,2024,1150000,261.54,2.62,0.68
Abdón Prats,Mallorca,Forward,68.0,24,190000,960000,2024,770000,357.89,2.83,0.63
Francés,Girona,Defender,68.0,18,170000,2010000,2024,1840000,400.0,3.78,0.47
Ronald Araújo,Barcelona,Defender,67.0,12,2850000,7990000,2024,5140000,23.51,5.58,0.32
Suso,Sevilla,Forward,67.0,16,2410000,2970000,2024,560000,27.8,4.19,0.42
Bernat,Getafe,Defender,67.0,24,390000,1840000,2024,1450000,171.79,2.79,0.63
Diakhaby,Valencia,Defender,66.0,13,1020000,1360000,2024,340000,64.71,5.08,0.34
Ricardo Rodríguez,Betis,Defender,66.0,18,290000,2510000,2024,2220000,227.59,3.67,0.47
Nyom,Getafe,Midfielder,66.0,20,240000,1230000,2024,990000,275.0,3.3,0.53
Szczęsny,Barcelona,Goalkeeper,65.0,15,3620000,6290000,2024,2670000,17.96,4.33,0.39
Witsel,Atlético,Defender,65.0,14,360000,3420000,2024,3060000,180.56,4.64,0.37
Aihen,Real Sociedad,Defender,65.0,21,240000,510000,2024,270000,270.83,3.1,0.55
Cheddira,Espanyol,Forward,65.0,22,170000,1230000,2024,1060000,382.35,2.95,0.58
Pere Milla,Espanyol,Forward,65.0,20,150000,2030000,2024,1880000,433.33,3.25,0.53
Damián Rodríguez,Celta,Midfielder,64.0,17,300000,2730000,2024,2430000,213.33,3.76,0.45
Losada,Celta,Forward,64.0,22,230000,1620000,2024,1390000,278.26,2.91,0.58
Marvin,Las Palmas,Defender,64.0,23,200000,1320000,2024,1120000,320.0,2.78,0.61
Arthur,Girona,Midfielder,63.0,15,3160000,5110000,2024,1950000,19.94,4.2,0.39
Aridane,Rayo Vallecano,Defender,63.0,14,1910000,2060000,2024,150000,32.98,4.5,0.37
Iker Muñoz,Osasuna,Midfielder,63.0,23,190000,2930000,2024,2740000,331.58,2.74,0.61
Pablo Torre,Barcelona,Midfielder,62.0,10,430000,2240000,2024,1810000,144.19,6.2,0.26
Rubén Peña,Osasuna,Midfielder,62.0,25,240000,2160000,2024,1920000,258.33,2.48,0.66
Sannadi,Athletic,Forward,61.0,16,2650000,4700000,2024,2050000,23.02,3.81,0.42
Agirrezabala,Athletic,Goalkeeper,61.0,14,500000,2080000,2024,1580000,122.0,4.36,0.37
Rafa Mir,Valencia,Forward,61.0,20,320000,4670000,2024,4350000,190.62,3.05,0.53
Conechny,Alavés,Forward,61.0,22,220000,2170000,2024,1950000,277.27,2.77,0.58
Reinildo,Atlético,Defender,60.0,19,350000,2340000,2024,1990000,171.43,3.16,0.5
Miovski,Girona,Forward,60.0,17,190000,3180000,2024,2990000,315.79,3.53,0.45
Yan Diomande,Leganés,Forward,59.0,10,3060000,3060000,2024,0,19.28,5.9,0.26
Horkaš,Las Palmas,Goalkeeper,59.0,13,1620000,2260000,2024,640000,36.42,4.54,0.34
Jon Martín,Real Sociedad,Defender,59.0,13,870000,1380000,2024,510000,67.82,4.54,0.34
Pau Víctor,Barcelona,Forward,59.0,21,610000,2290000,2024,1680000,96.72,2.81,0.55
Yarek,Valencia,Defender,58.0,15,340000,2150000,2024,1810000,170.59,3.87,0.39
Darwin Machís,Real Valladolid,Forward,58.0,18,150000,1270000,2024,1120000,386.67,3.22,0.47
Endrick,Real Madrid,Forward,57.0,22,2370000,5800000,2024,3430000,24.05,2.59,0.58
Pacha Espino,Rayo Vallecano,Defender,57.0,16,380000,2750000,2024,2370000,150.0,3.56,0.42
Olivan,Espanyol,Defender,57.0,17,210000,400000,2024,190000,271.43,3.35,0.45
Akhomach,Villarreal,Forward,56.0,11,420000,3430000,2024,3010000,133.33,5.09,0.29
Valery,Mallorca,Midfielder,56.0,18,270000,1690000,2024,1420000,207.41,3.11,0.47
Cömert,Real Valladolid,Defender,56.0,25,200000,1790000,2024,1590000,280.0,2.24,0.66
Héctor Fort,Barcelona,Defender,55.0,17,860000,1010000,2024,150000,63.95,3.24,0.45
Mendy,Real Madrid,Defender,55.0,14,420000,4440000,2024,4020000,130.95,3.93,0.37
Leo Román,Mallorca,Goalkeeper,54.0,7,720000,980000,2024,260000,75.0,7.71,0.18
Djaló,Athletic,Forward,54.0,17,280000,3580000,2024,3300000,192.86,3.18,0.45
Roro Riquelme,Atlético,Midfielder,53.0,16,390000,3530000,2024,3140000,135.9,3.31,0.42
Carvajal,Real Madrid,Defender,53.0,8,360000,11020000,2024,10660000,147.22,6.62,0.21
Kambwala,Villarreal,Defender,53.0,19,310000,880000,2024,570000,170.97,2.79,0.5
Trejo,Rayo Vallecano,Midfielder,53.0,19,250000,1550000,2024,1300000,212.0,2.79,0.5
Chuki,Real Valladolid,Midfielder,53.0,18,160000,220000,2024,60000,331.25,2.94,0.47
Buchanan,Villarreal,Midfielder,52.0,13,1890000,2160000,2024,270000,27.51,4.0,0.34
Rubén Vargas,Sevilla,Forward,52.0,11,1390000,7050000,2024,5660000,37.41,4.73,0.29
Bajčetić,Las Palmas,Midfielder,52.0,14,800000,3100000,2024,2300000,65.0,3.71,0.37
Pau Cabanes,Alavés,Forward,51.0,16,150000,310000,2024,160000,340.0,3.19,0.42
Jesús Vázquez,Valencia,Defender,50.0,19,240000,1560000,2024,1320000,208.33,2.63,0.5
Benito Ramírez,Las Palmas,Forward,50.0,19,150000,150000,2024,0,333.33,2.63,0.5
Berrocal,Getafe,Defender,50.0,19,150000,850000,2024,700000,333.33,2.63,0.5
Carvalho,Betis,Midfielder,49.0,14,730000,2370000,2024,1640000,67.12,3.5,0.37
Pau Navarro,Villarreal,Defender,49.0,17,150000,800000,2024,650000,326.67,2.88,0.45
Kike Barja,Osasuna,Midfielder,48.0,15,200000,310000,2024,110000,240.0,3.2,0.39
Boiro,Athletic,Defender,48.0,18,190000,240000,2024,50000,252.63,2.67,0.47
Grillitsch,Real Valladolid,Midfielder,47.0,13,470000,2850000,2024,2380000,100.0,3.62,0.34
Jon Pacheco,Real Sociedad,Defender,47.0,14,230000,2680000,2024,2450000,204.35,3.36,0.37
Lato,Mallorca,Defender,47.0,14,200000,500000,2024,300000,235.0,3.36,0.37
David Torres,Real Valladolid,Defender,47.0,18,190000,300000,2024,110000,247.37,2.61,0.47
Albiol,Villarreal,Defender,46.0,15,350000,2340000,2024,1990000,131.43,3.07,0.39
Sergi Canós,Valencia,Forward,46.0,17,180000,1340000,2024,1160000,255.56,2.71,0.45
Alex Sola,Getafe,Midfielder,44.0,19,360000,2360000,2024,2000000,122.22,2.32,0.5
Lekue,Athletic,Defender,44.0,16,200000,1170000,2024,970000,220.0,2.75,0.42
Loiodice,Las Palmas,Midfielder,44.0,17,180000,1440000,2024,1260000,244.44,2.59,0.45
Pedraza,Villarreal,Defender,43.0,12,1400000,1620000,2024,220000,30.71,3.58,0.32
Traoré,Real Sociedad,Defender,43.0,11,420000,3570000,2024,3150000,102.38,3.91,0.29
Idumbo,Sevilla,Midfielder,43.0,14,170000,2190000,2024,2020000,252.94,3.07,0.37
Bellerín,Betis,Defender,42.0,9,250000,1610000,2024,1360000,168.0,4.67,0.24
Aguado,Espanyol,Midfielder,42.0,16,250000,2100000,2024,1850000,168.0,2.62,0.42
Yellu,Getafe,Midfielder,42.0,19,240000,1430000,2024,1190000,175.0,2.21,0.5
Villalibre,Alavés,Forward,42.0,16,220000,2080000,2024,1860000,190.91,2.62,0.42
Jailson,Celta,Defender,42.0,13,220000,2810000,2024,2590000,190.91,3.23,0.34
Unai Núñez,Athletic,Defender,42.0,10,190000,1820000,2024,1630000,221.05,4.2,0.26
Guardiola,Rayo Vallecano,Forward,42.0,16,150000,970000,2024,820000,280.0,2.62,0.42
Juanpe,Girona,Defender,41.0,12,190000,890000,2024,700000,215.79,3.42,0.32
Adam Aznou,Real Valladolid,Defender,40.0,13,270000,560000,2024,290000,148.15,3.08,0.34
Mateu Morey,Mallorca,Defender,40.0,16,150000,230000,2024,80000,266.67,2.5,0.42
Franquesa,Leganés,Defender,39.0,12,300000,2530000,2024,2230000,130.0,3.25,0.32
Peter Federico,Getafe,Forward,39.0,17,220000,2750000,2024,2530000,177.27,2.29,0.45
Nikitscher,Real Valladolid,Midfielder,39.0,13,210000,850000,2024,640000,185.71,3.0,0.34
Amath,Real Valladolid,Forward,38.0,13,190000,1040000,2024,850000,200.0,2.92,0.34
Arnáiz,Osasuna,Forward,38.0,15,150000,400000,2024,250000,253.33,2.53,0.39
Facundo Garcés,Alavés,Defender,37.0,10,1490000,1780000,2024,290000,24.83,3.7,0.26
Lunin,Real Madrid,Goalkeeper,37.0,7,970000,3090000,2024,2120000,38.14,5.29,0.18
Jhon Solís,Girona,Midfielder,37.0,19,190000,260000,2024,70000,194.74,1.95,0.5
Sergi Gómez,Espanyol,Defender,36.0,12,200000,470000,2024,270000,180.0,3.0,0.32
Duk,Leganés,Forward,36.0,10,200000,880000,2024,680000,180.0,3.6,0.26
Mariezkurrena,Real Sociedad,Forward,36.0,9,170000,380000,2024,210000,211.76,4.0,0.24
Correia,Valencia,Defender,34.0,11,350000,3030000,2024,2680000,97.14,3.09,0.29
Misehouy,Girona,Midfielder,34.0,9,200000,2790000,2024,2590000,170.0,3.78,0.24
Özkacar,Real Valladolid,Defender,34.0,11,150000,1210000,2024,1060000,226.67,3.09,0.29
Chicco,Leganés,Midfielder,33.0,14,150000,280000,2024,130000,220.0,2.36,0.37
Adrián Pica,Alavés,Defender,33.0,9,150000,630000,2024,480000,220.0,3.67,0.24
Gragera,Espanyol,Midfielder,32.0,10,260000,2050000,2024,1790000,123.08,3.2,0.26
Ter Stegen,Barcelona,Goalkeeper,31.0,8,2980000,8040000,2024,5060000,10.4,3.88,0.21
Roberto López,Leganés,Midfielder,31.0,13,270000,3350000,2024,3080000,114.81,2.38,0.34
Álvaro Pascual,Sevilla,Forward,31.0,8,180000,220000,2024,40000,172.22,3.88,0.21
Juan Soriano,Leganés,Goalkeeper,30.0,7,390000,3310000,2024,2920000,76.92,4.29,0.18
Iván Jaime,Valencia,Midfielder,30.0,9,330000,1720000,2024,1390000,90.91,3.33,0.24
Manu Bueno,Sevilla,Midfielder,29.0,9,170000,1460000,2024,1290000,170.59,3.22,0.24
Marc Domenech,Mallorca,Forward,29.0,10,150000,200000,2024,50000,193.33,2.9,0.26
Guillamón,Valencia,Midfielder,28.0,12,230000,880000,2024,650000,121.74,2.33,0.32
Sedlar,Alavés,Defender,0.0,0,190000,580000,2024,390000,0.0,,0.0
Ramón Martínez,Sevilla,Defender,27.0,5,200000,290000,2024,90000,135.0,5.4,0.13
Eric Bailly,Villarreal,Defender,26.0,12,250000,3010000,2024,2760000,104.0,2.17,0.32
Nianzou,Sevilla,Defender,26.0,6,170000,660000,2024,490000,152.94,4.33,0.16
Peio Canales,Athletic,Midfielder,26.0,8,150000,340000,2024,190000,173.33,3.25,0.21
Yoel Lago,Celta,Defender,25.0,8,340000,400000,2024,60000,73.53,3.12,0.21
Angel Ortiz,Betis,Defender,25.0,5,310000,1550000,2024,1240000,80.65,5.0,0.13
Marcão,Sevilla,Defender,24.0,12,220000,640000,2024,420000,109.09,2.0,0.32
Manquillo,Celta,Defender,24.0,10,170000,790000,2024,620000,141.18,2.4,0.26
Álvaro Fernández,Sevilla,Goalkeeper,23.0,9,360000,1490000,2024,1130000,63.89,2.56,0.24
Ristic,Celta,Defender,23.0,10,150000,190000,2024,40000,153.33,2.3,0.26
Ansu Fati,Barcelona,Forward,22.0,6,1460000,4470000,2024,3010000,15.07,3.67,0.16
David Alaba,Real Madrid,Defender,22.0,7,1000000,3840000,2024,2840000,22.0,3.14,0.18
Dani Cárdenas,Rayo Vallecano,Goalkeeper,22.0,6,370000,2940000,2024,2570000,59.46,3.67,0.16
Marc Cardona,Las Palmas,Forward,21.0,11,170000,270000,2024,100000,123.53,1.91,0.29
Mbappé,Real Madrid,Forward,353.0,34,23340000,28120000,2025,4780000,15.12,10.38,0.89
Yamal,Barcelona,Forward,333.0,35,22680000,25730000,2025,3050000,14.68,9.51,0.92
Raphinha,Barcelona,Forward,357.0,36,18120000,23780000,2025,5660000,19.7,9.92,0.95
Pedri,Barcelona,Midfielder,302.0,37,17070000,22050000,2025,4980000,17.69,8.16,0.97
Julián Alvarez,Atlético,Forward,269.0,37,15360000,19470000,2025,4110000,17.51,7.27,0.97
Valverde,Real Madrid,Midfielder,278.0,36,15190000,19560000,2025,4370000,18.3,7.72,0.95
Isco,Betis,Midfielder,200.0,22,15030000,22680000,2025,7650000,13.31,9.09,0.58
Lewandowski,Barcelona,Forward,284.0,34,14860000,23300000,2025,8440000,19.11,8.35,0.89
Vinícius Jr,Real Madrid,Forward,232.0,30,14760000,21450000,2025,6690000,15.72,7.73,0.79
Baena,Atlético,Midfielder,261.0,32,12420000,19190000,2025,6770000,21.01,8.16,0.84
Ayoze,Villarreal,Forward,231.0,30,12300000,19260000,2025,6960000,18.78,7.7,0.79
Nico Williams,Athletic,Forward,146.0,29,11000000,17190000,2025,6190000,13.27,5.03,0.76
Sancet,Athletic,Midfielder,197.0,29,10530000,16960000,2025,6430000,18.71,6.79,0.76
Bellingham,Real Madrid,Midfielder,254.0,31,10410000,23820000,2025,13410000,24.4,8.19,0.82
Budimir,Osasuna,Forward,272.0,38,10390000,15620000,2025,5230000,26.18,7.16,1.0
Dean Huijsen,Real Madrid,Defender,0.0,0,9860000,9860000,2025,0,0.0,,0.0
Arda Güler,Real Madrid,Midfielder,176.0,28,9770000,9770000,2025,0,18.01,6.29,0.74
Dani Olmo,Barcelona,Midfielder,188.0,25,9720000,18100000,2025,8380000,19.34,7.52,0.66
Sørloth,Atlético,Forward,223.0,35,7990000,14660000,2025,6670000,27.91,6.37,0.92
Trent,Real Madrid,Defender,0.0,0,7990000,8900000,2025,910000,0.0,,0.0
Kubo,Real Sociedad,Midfielder,205.0,36,7920000,16280000,2025,8360000,25.88,5.69,0.95
Iñaki Williams,Athletic,Forward,194.0,35,7720000,15990000,2025,8270000,25.13,5.54,0.92
Joan García,Barcelona,Goalkeeper,246.0,38,7680000,11600000,2025,3920000,32.03,6.47,1.0
Koundé,Barcelona,Defender,194.0,32,7290000,12600000,2025,5310000,26.61,6.06,0.84
Cubarsi,Barcelona,Defender,161.0,35,6960000,10710000,2025,3750000,23.13,4.6,0.92
De Jong,Barcelona,Midfielder,132.0,26,6950000,12100000,2025,5150000,18.99,5.08,0.68
Lo Celso,Betis,Midfielder,194.0,25,6900000,19220000,2025,12320000,28.12,7.76,0.66
Thiago Almada,Atlético,Midfielder,0.0,0,6720000,6770000,2025,50000,0.0,,0.0
Oyarzabal,Real Sociedad,Forward,162.0,35,6620000,9530000,2025,2910000,24.47,4.63,0.92
Courtois,Real Madrid,Goalkeeper,154.0,30,6600000,8620000,2025,2020000,23.33,5.13,0.79
Iñigo Martínez,Barcelona,Defender,169.0,28,6580000,10900000,2025,4320000,25.68,6.04,0.74
Moleiro,Villarreal,Midfielder,159.0,35,6550000,9710000,2025,3160000,24.27,4.54,0.92
Iago Aspas,Celta,Forward,215.0,30,6360000,14800000,2025,8440000,33.81,7.17,0.79
Griezmann,Atlético,Forward,238.0,38,6320000,17920000,2025,11600000,37.66,6.26,1.0
Cucho,Betis,Forward,106.0,15,6310000,12760000,2025,6450000,16.8,7.07,0.39
Lukébakio,Sevilla,Forward,229.0,38,6020000,15100000,2025,9080000,38.04,6.03,1.0
Marcos Llorente,Atlético,Midfielder,195.0,33,5830000,10670000,2025,4840000,33.45,5.91,0.87
Vivian,Athletic,Defender,196.0,32,5810000,9570000,2025,3760000,33.73,6.12,0.84
Raba,Valencia,Forward,199.0,29,5670000,6900000,2025,1230000,35.1,6.86,0.76
Tchouameni,Real Madrid,Midfielder,166.0,32,5590000,6930000,2025,1340000,29.7,5.19,0.84
Balde,Barcelona,Defender,144.0,32,5480000,7960000,2025,2480000,26.28,4.5,0.84
Mastantuono,Real Madrid,Forward,0.0,0,5430000,5430000,2025,0,0.0,,0.0
Johnny,Atlético,Midfielder,139.0,28,5350000,8370000,2025,3020000,25.98,4.96,0.74
Álvaro Carreras,Real Madrid,Defender,0.0,0,5210000,5210000,2025,0,0.0,,0.0
Arambarri,Getafe,Midfielder,0.0,0,5200000,10920000,2025,5720000,0.0,,0.0
Muriqi,Mallorca,Forward,152.0,29,5190000,10540000,2025,5350000,29.29,5.24,0.76
Giuliano Simeone,Atlético,Midfielder,154.0,33,5160000,10010000,2025,4850000,29.84,4.67,0.87
Puado,Espanyol,Forward,180.0,35,5150000,7550000,2025,2400000,34.95,5.14,0.92
Aimar Oroz,Osasuna,Midfielder,197.0,37,5080000,8870000,2025,3790000,38.78,5.32,0.97
Jutglà,Celta,Forward,0.0,0,5060000,5600000,2025,540000,0.0,,0.0
Mingueza,Celta,Defender,200.0,34,5060000,8780000,2025,3720000,39.53,5.88,0.89
Oblak,Atlético,Goalkeeper,181.0,36,4800000,5370000,2025,570000,37.71,5.03,0.95
Unai Simón,Athletic,Goalkeeper,108.0,21,4790000,5290000,2025,500000,22.55,5.14,0.55
Lejeune,Rayo Vallecano,Defender,209.0,37,4680000,7470000,2025,2790000,44.66,5.65,0.97
Berenguer,Athletic,Forward,197.0,36,4640000,10400000,2025,5760000,42.46,5.47,0.95
Raíllo,Mallorca,Defender,203.0,36,4630000,8850000,2025,4220000,43.84,5.64,0.95
Sergio Gómez,Real Sociedad,Midfielder,208.0,37,4600000,10390000,2025,5790000,45.22,5.62,0.97
Brais Méndez,Real Sociedad,Midfielder,114.0,27,4410000,10270000,2025,5860000,25.85,4.22,0.71
Luis Milla,Getafe,Midfielder,180.0,33,4390000,9510000,2025,5120000,41.0,5.45,0.87
Comesaña,Villarreal,Midfielder,196.0,35,4290000,6930000,2025,2640000,45.69,5.6,0.92
Pape Gueye,Villarreal,Midfielder,183.0,34,4260000,9490000,2025,5230000,42.96,5.38,0.89
Darder,Mallorca,Midfielder,198.0,38,4220000,7700000,2025,3480000,46.92,5.21,1.0
Militão,Real Madrid,Defender,76.0,12,4210000,8460000,2025,4250000,18.05,6.33,0.32
Gerard Moreno,Villarreal,Forward,101.0,17,4160000,10840000,2025,6680000,24.28,5.94,0.45
Ratiu,Rayo Vallecano,Defender,171.0,35,4140000,7680000,2025,3540000,41.3,4.89,0.92
Barrios,Atlético,Midfielder,148.0,31,4100000,4580000,2025,480000,36.1,4.77,0.82
Parejo,Villarreal,Midfielder,187.0,36,4090000,8060000,2025,3970000,45.72,5.19,0.95
David Soria,Getafe,Goalkeeper,181.0,38,4040000,4920000,2025,880000,44.8,4.76,1.0
Carlos Vicente,Alavés,Forward,187.0,37,4000000,6540000,2025,2540000,46.75,5.05,0.97
Álvaro Valles,Betis,Goalkeeper,0.0,0,3990000,4320000,2025,330000,0.0,,0.0
Gonzalo García,Real Madrid,Forward,9.0,3,3980000,3980000,2025,0,2.26,3.0,0.08
Firpo,Betis,Defender,0.0,0,3970000,3970000,2025,0,0.0,,0.0
Foyth,Villarreal,Defender,112.0,19,3960000,8090000,2025,4130000,28.28,5.89,0.5
Diego López,Valencia,Forward,168.0,38,3940000,8200000,2025,4260000,42.64,4.42,1.0
Remiro,Real Sociedad,Goalkeeper,164.0,36,3920000,5690000,2025,1770000,41.84,4.56,0.95
Gavi,Barcelona,Midfielder,110.0,26,3920000,7860000,2025,3940000,28.06,4.23,0.68
Carvajal,Real Madrid,Defender,53.0,8,3900000,9850000,2025,5950000,13.59,6.62,0.21
Ferran Torres,Barcelona,Forward,169.0,27,3880000,11410000,2025,7530000,43.56,6.26,0.71
Pépé,Villarreal,Forward,160.0,28,3880000,7120000,2025,3240000,41.24,5.71,0.74
Álvaro García,Rayo Vallecano,Forward,194.0,36,3870000,6690000,2025,2820000,50.13,5.39,0.95
Roro Riquelme,Betis,Midfielder,53.0,16,3870000,3870000,2025,0,13.7,3.31,0.42
Rioja,Valencia,Forward,187.0,37,3850000,6290000,2025,2440000,48.57,5.05,0.97
Sergio Herrera,Osasuna,Goalkeeper,217.0,37,3850000,5420000,2025,1570000,56.36,5.86,0.97
Hugo Duro,Valencia,Forward,162.0,31,3810000,7540000,2025,3730000,42.52,5.23,0.82
Jauregizar,Athletic,Midfielder,157.0,34,3800000,4430000,2025,630000,41.32,4.62,0.89
Fermín,Barcelona,Midfielder,158.0,28,3800000,7170000,2025,3370000,41.58,5.64,0.74
Javi Guerra,Valencia,Midfielder,143.0,36,3770000,5090000,2025,1320000,37.93,3.97,0.95
Yéremy Pino,Villarreal,Forward,169.0,34,3750000,4590000,2025,840000,45.07,4.97,0.89
Pablo Torre,Mallorca,Midfielder,62.0,10,3720000,3720000,2025,0,16.67,6.2,0.26
Fornals,Betis,Midfielder,130.0,26,3710000,7870000,2025,4160000,35.04,5.0,0.68
Sergi Cardona,Villarreal,Defender,191.0,35,3680000,7050000,2025,3370000,51.9,5.46,0.92
Le Normand,Atlético,Defender,119.0,27,3660000,6840000,2025,3180000,32.51,4.41,0.71
Yangel Herrera,Girona,Midfielder,156.0,29,3660000,6280000,2025,2620000,42.62,5.38,0.76
Marcos Alonso,Celta,Defender,169.0,31,3660000,6590000,2025,2930000,46.17,5.45,0.82
Camavinga,Real Madrid,Midfielder,112.0,19,3630000,9540000,2025,5910000,30.85,5.89,0.5
Roberto Fernández,Espanyol,Forward,99.0,19,3620000,5450000,2025,1830000,27.35,5.21,0.5
Ruggeri,Atlético,Defender,0.0,0,3620000,4080000,2025,460000,0.0,,0.0
Sivera,Alavés,Goalkeeper,154.0,32,3600000,4210000,2025,610000,42.78,4.81,0.84
Batalla,Rayo Vallecano,Goalkeeper,170.0,32,3600000,5510000,2025,1910000,47.22,5.31,0.84
Agirrezabala,Valencia,Goalkeeper,61.0,14,3590000,3590000,2025,0,16.99,4.36,0.37
Isi Palazón,Rayo Vallecano,Forward,174.0,35,3580000,5270000,2025,1690000,48.6,4.97,0.92
Terrats,Espanyol,Midfielder,113.0,26,3540000,4990000,2025,1450000,31.92,4.35,0.68
Cazorla,Real Oviedo,Midfielder,0.0,0,3520000,3520000,2025,0,0.0,,0.0
Rubén García,Osasuna,Midfielder,217.0,36,3510000,7840000,2025,4330000,61.82,6.03,0.95
Gazzaniga,Girona,Goalkeeper,159.0,36,3490000,4980000,2025,1490000,45.56,4.42,0.95
Tsygankov,Girona,Forward,147.0,27,3480000,8160000,2025,4680000,42.24,5.44,0.71
Pepelu,Valencia,Midfielder,166.0,34,3410000,10310000,2025,6900000,48.68,4.88,0.89
Mayoral,Getafe,Forward,102.0,24,3400000,5700000,2025,2300000,30.0,4.25,0.63
Carlos Álvarez,Levante,Forward,0.0,0,3350000,3350000,2025,0,0.0,,0.0
Rondón,Real Oviedo,Forward,0.0,0,3340000,3340000,2025,0,0.0,,0.0
Dani Rodríguez,Mallorca,Midfielder,186.0,37,3320000,6720000,2025,3400000,56.02,5.03,0.97
Dmitrovic,Espanyol,Goalkeeper,154.0,32,3310000,4680000,2025,1370000,46.53,4.81,0.84
Pedro Díaz,Rayo Vallecano,Midfielder,111.0,26,3300000,8990000,2025,5690000,33.64,4.27,0.68
Kike García,Espanyol,Forward,208.0,35,3280000,5870000,2025,2590000,63.41,5.94,0.92
Ilaix Moriba,Celta,Midfielder,147.0,33,3270000,5430000,2025,2160000,44.95,4.45,0.87
Ez Abde,Betis,Forward,147.0,32,3260000,6300000,2025,3040000,45.09,4.59,0.84
Colombatto,Real Oviedo,Midfielder,0.0,0,3250000,3250000,2025,0,0.0,,0.0
Panichelli,Alavés,Forward,0.0,0,3230000,3230000,2025,0,0.0,,0.0
Boyomo,Osasuna,Defender,167.0,37,3230000,5690000,2025,2460000,51.7,4.51,0.97
Gayà,Valencia,Defender,110.0,23,3210000,5510000,2025,2300000,34.27,4.78,0.61
Bartra,Betis,Defender,138.0,25,3200000,6080000,2025,2880000,43.12,5.52,0.66
Alfon González,Sevilla,Forward,128.0,26,3200000,6200000,2025,3000000,40.0,4.92,0.68
De Galarreta,Athletic,Midfielder,119.0,26,3170000,5150000,2025,1980000,37.54,4.58,0.68
Rafa Marín,Villarreal,Defender,0.0,0,3150000,3150000,2025,0,0.0,,0.0
Borja Iglesias,Betis,Forward,182.0,37,3140000,7350000,2025,4210000,57.96,4.92,0.97
Luiz Júnior,Villarreal,Goalkeeper,98.0,17,3140000,3670000,2025,530000,31.21,5.76,0.45
Uche,Getafe,Forward,158.0,33,3130000,6160000,2025,3030000,50.48,4.79,0.87
Rüdiger,Real Madrid,Defender,143.0,29,3120000,9080000,2025,5960000,45.83,4.93,0.76
De Frutos,Rayo Vallecano,Forward,144.0,36,3120000,5670000,2025,2550000,46.15,4.0,0.95
Tenaglia,Alavés,Defender,198.0,34,3110000,5230000,2025,2120000,63.67,5.82,0.89
Torró,Osasuna,Midfielder,164.0,35,3080000,4200000,2025,1120000,53.25,4.69,0.92
Eric García,Barcelona,Defender,150.0,29,3060000,6740000,2025,3680000,49.02,5.17,0.76
Alderete,Getafe,Defender,170.0,34,3050000,4450000,2025,1400000,55.74,5.0,0.89
Valjent,Mallorca,Defender,156.0,31,3030000,4630000,2025,1600000,51.49,5.03,0.82
Marc Casadó,Barcelona,Midfielder,120.0,23,2990000,9990000,2025,7000000,40.13,5.22,0.61
Rubén Vargas,Sevilla,Forward,52.0,11,2980000,7050000,2025,4070000,17.45,4.73,0.29
Areso,Osasuna,Defender,130.0,36,2970000,3670000,2025,700000,43.77,3.61,0.95
Miguel Gutiérrez,Girona,Defender,151.0,29,2950000,9810000,2025,6860000,51.19,5.21,0.76
Cabrera,Espanyol,Defender,176.0,33,2950000,5320000,2025,2370000,59.66,5.33,0.87
Krejci,Girona,Defender,128.0,29,2890000,5100000,2025,2210000,44.29,4.41,0.76
Carlos Romero,Espanyol,Defender,158.0,34,2870000,4390000,2025,1520000,55.05,4.65,0.89
Pau López,Betis,Goalkeeper,4.0,1,2850000,4450000,2025,1600000,1.4,4.0,0.03
Guruzeta,Athletic,Forward,166.0,36,2830000,9000000,2025,6170000,58.66,4.61,0.95
Expósito,Espanyol,Midfielder,92.0,19,2820000,5300000,2025,2480000,32.62,4.84,0.5
Ceballos,Real Madrid,Midfielder,117.0,23,2810000,6940000,2025,4130000,41.64,5.09,0.61
Tárrega,Valencia,Defender,154.0,34,2790000,4890000,2025,2100000,55.2,4.53,0.89
Raúl Asencio,Real Madrid,Defender,104.0,23,2770000,7280000,2025,4510000,37.55,4.52,0.61
Diego Llorente,Betis,Defender,153.0,30,2760000,7690000,2025,4930000,55.43,5.1,0.79
Ionut Radu,Celta,Goalkeeper,0.0,0,2760000,2760000,2025,0,0.0,,0.0
Luka Sucic,Real Sociedad,Midfielder,127.0,29,2700000,5730000,2025,3030000,47.04,4.38,0.76
Rodrygo,Real Madrid,Forward,217.0,30,2690000,18650000,2025,15960000,80.67,7.23,0.79
Fran García,Real Madrid,Defender,149.0,31,2680000,5350000,2025,2670000,55.6,4.81,0.82
Luiz Felipe,Rayo Vallecano,Defender,0.0,0,2670000,2670000,2025,0,0.0,,0.0
El Hilali,Espanyol,Defender,162.0,36,2600000,3750000,2025,1150000,62.31,4.5,0.95
Badé,Sevilla,Defender,138.0,32,2580000,3260000,2025,680000,53.49,4.31,0.84
Samú Costa,Mallorca,Midfielder,137.0,32,2570000,5220000,2025,2650000,53.31,4.28,0.84
Catena,Osasuna,Defender,184.0,35,2560000,3330000,2025,770000,71.88,5.26,0.92
Escandell,Real Oviedo,Goalkeeper,0.0,0,2550000,2550000,2025,0,0.0,,0.0
Mojica,Mallorca,Defender,134.0,36,2490000,3370000,2025,880000,53.82,3.72,0.95
Fran Beltrán,Celta,Midfielder,145.0,34,2480000,3320000,2025,840000,58.47,4.26,0.89
Blind,Girona,Defender,168.0,34,2470000,5340000,2025,2870000,68.02,4.94,0.89
Rosier,Osasuna,Defender,141.0,32,2460000,3430000,2025,970000,57.32,4.41,0.84
Leo Román,Mallorca,Goalkeeper,54.0,7,2450000,2450000,2025,0,22.04,7.71,0.18
Kike Salas,Sevilla,Defender,153.0,31,2450000,3660000,2025,1210000,62.45,4.94,0.82
De Paul,Atlético,Midfielder,197.0,34,2440000,12730000,2025,10290000,80.74,5.79,0.89
Diego Rico,Getafe,Defender,157.0,33,2440000,4870000,2025,2430000,64.34,4.76,0.87
Arnau Martínez,Girona,Defender,153.0,32,2430000,4270000,2025,1840000,62.96,4.78,0.84
Nyland,Sevilla,Goalkeeper,112.0,30,2370000,3910000,2025,1540000,47.26,3.73,0.79
Sannadi,Athletic,Forward,61.0,16,2350000,4700000,2025,2350000,25.96,3.81,0.42
Ronald Araújo,Barcelona,Defender,67.0,12,2310000,5840000,2025,3530000,29.0,5.58,0.32
Affengruber,Elche,Defender,0.0,0,2310000,2310000,2025,0,0.0,,0.0
Gabriel Suazo,Sevilla,Defender,0.0,0,2260000,2260000,2025,0,0.0,,0.0
Chavarría,Rayo Vallecano,Defender,147.0,34,2190000,3970000,2025,1780000,67.12,4.32,0.89
Brahim,Real Madrid,Forward,140.0,31,2140000,6740000,2025,4600000,65.42,4.52,0.82
Iván Martín,Girona,Midfielder,126.0,32,2130000,6190000,2025,4060000,59.15,3.94,0.84
Aramburu,Real Sociedad,Defender,142.0,35,2090000,4060000,2025,1970000,67.94,4.06,0.92
Dituro,Elche,Goalkeeper,0.0,0,2060000,2060000,2025,0,0.0,,0.0
Natan,Betis,Defender,117.0,31,2030000,3670000,2025,1640000,57.64,3.77,0.82
Javi Rodríguez,Celta,Defender,166.0,36,2030000,3630000,2025,1600000,81.77,4.61,0.95
Morales,Levante,Forward,0.0,0,2020000,2020000,2025,0,0.0,,0.0
Yuri,Athletic,Defender,129.0,30,2010000,3990000,2025,1980000,64.18,4.3,0.79
Stuani,Girona,Forward,162.0,32,2010000,5810000,2025,3800000,80.6,5.06,0.84
André Almeida,Valencia,Midfielder,153.0,34,1980000,3550000,2025,1570000,77.27,4.5,0.89
Agoumé,Sevilla,Midfielder,147.0,35,1960000,4400000,2025,2440000,75.0,4.2,0.92
Zubeldia,Real Sociedad,Defender,103.0,28,1930000,3660000,2025,1730000,53.37,3.68,0.74
Alberto Reina,Real Oviedo,Midfielder,0.0,0,1930000,1930000,2025,0,0.0,,0.0
Lenglet,Atlético,Defender,133.0,23,1920000,4210000,2025,2290000,69.27,5.78,0.61
Nacho Vidal,Real Oviedo,Defender,8.0,5,1920000,1920000,2025,0,4.17,1.6,0.13
Sergi Altimira,Betis,Midfielder,132.0,32,1920000,3210000,2025,1290000,68.75,4.12,0.84
Mosquera,Valencia,Defender,154.0,37,1910000,5050000,2025,3140000,80.63,4.16,0.97
Maffeo,Mallorca,Defender,141.0,30,1900000,4390000,2025,2490000,74.21,4.7,0.79
Pathé Ciss,Rayo Vallecano,Midfielder,151.0,33,1890000,3240000,2025,1350000,79.89,4.58,0.87
Santiago Mouriño,Alavés,Defender,107.0,25,1870000,3560000,2025,1690000,57.22,4.28,0.66
Kiko Femenía,Getafe,Defender,119.0,28,1830000,3280000,2025,1450000,65.03,4.25,0.74
Hassan,Real Oviedo,Forward,0.0,0,1790000,1790000,2025,0,0.0,,0.0
Swedberg,Celta,Midfielder,128.0,32,1780000,4620000,2025,2840000,71.91,4.0,0.84
Marc Bernal,Barcelona,Midfielder,15.0,3,1780000,2510000,2025,730000,8.43,5.0,0.08
Starfelt,Celta,Defender,133.0,28,1760000,3700000,2025,1940000,75.57,4.75,0.74
Chaira,Real Oviedo,Forward,0.0,0,1740000,1740000,2025,0,0.0,,0.0
Moncayola,Osasuna,Midfielder,134.0,32,1710000,2740000,2025,1030000,78.36,4.19,0.84
Paredes,Athletic,Defender,107.0,23,1710000,2730000,2025,1020000,62.57,4.65,0.61
Febas,Elche,Midfielder,0.0,0,1700000,1700000,2025,0,0.0,,0.0
Gallagher,Atlético,Midfielder,146.0,32,1680000,8840000,2025,7160000,86.9,4.56,0.84
Greif,Mallorca,Goalkeeper,0.0,0,1670000,2760000,2025,1090000,0.0,,0.0
Giménez,Atlético,Defender,128.0,27,1620000,5040000,2025,3420000,79.01,4.74,0.71
Carmona,Sevilla,Defender,146.0,35,1620000,3070000,2025,1450000,90.12,4.17,0.92
Samu Lino,Atlético,Midfielder,158.0,31,1600000,7440000,2025,5840000,98.75,5.1,0.82
Víctor Muñoz,Osasuna,Forward,2.0,2,1590000,1590000,2025,0,1.26,1.0,0.05
Diakhaby,Valencia,Defender,66.0,13,1570000,1570000,2025,0,42.04,5.08,0.34
Isaac Romero,Sevilla,Forward,95.0,31,1570000,7180000,2025,5610000,60.51,3.06,0.82
Szczęsny,Barcelona,Goalkeeper,65.0,15,1550000,6290000,2025,4740000,41.94,4.33,0.39
Antonio Blanco,Alavés,Midfielder,123.0,35,1520000,2870000,2025,1350000,80.92,3.51,0.92
Pablo Martínez,Levante,Midfielder,0.0,0,1520000,1520000,2025,0,0.0,,0.0
Calvo,Real Oviedo,Defender,0.0,0,1520000,1520000,2025,0,0.0,,0.0
Brugué,Levante,Forward,0.0,0,1510000,1510000,2025,0,0.0,,0.0
David López,Girona,Defender,128.0,29,1500000,4700000,2025,3200000,85.33,4.41,0.76
Hugo Álvarez,Celta,Midfielder,118.0,26,1490000,3970000,2025,2480000,79.19,4.54,0.68
Logan Costa,Villarreal,Defender,139.0,32,1490000,3150000,2025,1660000,93.29,4.34,0.84
Djené,Getafe,Defender,101.0,31,1470000,3250000,2025,1780000,68.71,3.26,0.82
Robert Navarro,Athletic,Midfielder,94.0,23,1460000,3430000,2025,1970000,64.38,4.09,0.61
Javi Muñoz,Getafe,Midfielder,148.0,35,1440000,3060000,2025,1620000,102.78,4.23,0.92
Barrenetxea,Real Sociedad,Midfielder,102.0,30,1430000,4270000,2025,2840000,71.33,3.4,0.79
Elgezabal,Levante,Defender,0.0,0,1420000,1420000,2025,0,0.0,,0.0
Juan Iglesias,Getafe,Defender,151.0,37,1420000,3490000,2025,2070000,106.34,4.08,0.97
Pablo Marín,Real Sociedad,Midfielder,83.0,23,1410000,1620000,2025,210000,58.87,3.61,0.61
Asprilla,Girona,Forward,123.0,27,1370000,3060000,2025,1690000,89.78,4.56,0.71
Sadiq,Real Sociedad,Forward,85.0,23,1360000,6010000,2025,4650000,62.5,3.7,0.61
Jonny Castro,Alavés,Defender,0.0,0,1330000,1330000,2025,0,0.0,,0.0
Carreira,Celta,Defender,97.0,23,1300000,4490000,2025,3190000,74.62,4.22,0.61
Guridi,Alavés,Midfielder,123.0,33,1270000,3750000,2025,2480000,96.85,3.73,0.87
Gerard Martín,Barcelona,Defender,93.0,28,1260000,4120000,2025,2860000,73.81,3.32,0.74
Neyou,Getafe,Midfielder,123.0,30,1240000,3210000,2025,1970000,99.19,4.1,0.79
Oriol Rey,Levante,Midfielder,0.0,0,1230000,1230000,2025,0,0.0,,0.0
Yeray,Athletic,Defender,116.0,21,1220000,3450000,2025,2230000,95.08,5.52,0.55
Beñat Prados,Athletic,Midfielder,115.0,30,1220000,3560000,2025,2340000,94.26,3.83,0.79
Pablo Durán,Celta,Forward,116.0,27,1200000,3670000,2025,2470000,96.67,4.3,0.71
Bardghji,Barcelona,Forward,0.0,0,1190000,1190000,2025,0,0.0,,0.0
Facundo Garcés,Alavés,Defender,37.0,10,1140000,1780000,2025,640000,32.46,3.7,0.26
Jofre Carreras,Espanyol,Midfielder,129.0,37,1130000,3030000,2025,1900000,114.16,3.49,0.97
Víctor García,Levante,Forward,0.0,0,1110000,1960000,2025,850000,0.0,,0.0
Nico Fernández,Elche,Defender,0.0,0,1110000,1410000,2025,300000,0.0,,0.0
Olasagasti,Levante,Midfielder,78.0,22,1110000,1110000,2025,0,70.27,3.55,0.58
Ter Stegen,Barcelona,Goalkeeper,31.0,8,1090000,7630000,2025,6540000,28.44,3.88,0.21
Gudelj,Sevilla,Defender,123.0,31,1080000,1790000,2025,710000,113.89,3.97,0.82
Foulquier,Valencia,Defender,101.0,32,1070000,2670000,2025,1600000,94.39,3.16,0.84
Danjuma,Villarreal,Forward,119.0,28,1060000,6050000,2025,4990000,112.26,4.25,0.74
Copete,Mallorca,Defender,95.0,25,1060000,2910000,2025,1850000,89.62,3.8,0.66
Kervin Arriaga,Levante,Midfielder,0.0,0,1060000,1060000,2025,0,0.0,,0.0
Galán,Atlético,Defender,100.0,25,1050000,3380000,2025,2330000,95.24,4.0,0.66
Juanlu,Sevilla,Midfielder,136.0,32,1030000,3050000,2025,2020000,132.04,4.25,0.84
Álvaro Rodríguez,Real Madrid,Forward,90.0,22,1010000,1420000,2025,410000,89.11,4.09,0.58
Álvaro Núñez,Elche,Defender,0.0,0,1010000,1010000,2025,0,0.0,,0.0
Sibo,Real Oviedo,Midfielder,0.0,0,1000000,1000000,2025,0,0.0,,0.0
Pablo Campos,Levante,Goalkeeper,0.0,0,1000000,1000000,2025,0,0.0,,0.0
Pedrosa,Sevilla,Defender,127.0,31,990000,2610000,2025,1620000,128.28,4.1,0.82
Urko Gonzalez,Real Sociedad,Defender,69.0,18,940000,1900000,2025,960000,73.4,3.83,0.47
Ruibal,Betis,Midfielder,116.0,29,910000,2240000,2025,1330000,127.47,4.0,0.76
Bigas,Elche,Defender,0.0,0,900000,900000,2025,0,0.0,,0.0
Portu,Girona,Forward,82.0,27,900000,3290000,2025,2390000,91.11,3.04,0.71
Pol Lozano,Espanyol,Midfielder,99.0,30,890000,1030000,2025,140000,111.24,3.3,0.79
Balliu,Rayo Vallecano,Defender,79.0,25,890000,1720000,2025,830000,88.76,3.16,0.66
Ejuke,Sevilla,Forward,110.0,25,890000,6020000,2025,5130000,123.6,4.4,0.66
Camello,Rayo Vallecano,Forward,104.0,23,880000,3550000,2025,2670000,118.18,4.52,0.61
Endrick,Real Madrid,Forward,57.0,22,880000,5320000,2025,4440000,64.77,2.59,0.58
Bretones,Osasuna,Defender,129.0,35,880000,3310000,2025,2430000,146.59,3.69,0.92
Gorosabel,Athletic,Defender,87.0,20,870000,2500000,2025,1630000,100.0,4.35,0.53
De la Fuente,Levante,Defender,0.0,0,870000,870000,2025,0,0.0,,0.0
Jon Martín,Real Sociedad,Defender,59.0,13,850000,1380000,2025,530000,69.41,4.54,0.34
Unai López,Rayo Vallecano,Midfielder,139.0,32,830000,3540000,2025,2710000,167.47,4.34,0.84
Aleñá,Getafe,Midfielder,106.0,24,830000,3040000,2025,2210000,127.71,4.42,0.63
Morlanes,Mallorca,Midfielder,91.0,23,820000,2850000,2025,2030000,110.98,3.96,0.61
Jordán,Sevilla,Midfielder,144.0,25,800000,4440000,2025,3640000,180.0,5.76,0.66
Koke,Atlético,Midfielder,140.0,32,790000,3820000,2025,3030000,177.22,4.38,0.84
Óscar Valentín,Rayo Vallecano,Midfielder,110.0,34,790000,3020000,2025,2230000,139.24,3.24,0.89
Diego Conde,Villarreal,Goalkeeper,96.0,22,790000,5000000,2025,4210000,121.52,4.36,0.58
Pampín,Levante,Defender,0.0,0,790000,790000,2025,0,0.0,,0.0
Mumin,Rayo Vallecano,Defender,115.0,24,770000,5170000,2025,4400000,149.35,4.79,0.63
Sow,Sevilla,Midfielder,138.0,30,750000,3030000,2025,2280000,184.0,4.6,0.79
Gorrotxategi,Real Sociedad,Midfielder,0.0,0,750000,750000,2025,0,0.0,,0.0
Óskarsson,Real Sociedad,Forward,72.0,23,740000,3200000,2025,2460000,97.3,3.13,0.61
Josan,Elche,Midfielder,0.0,0,720000,720000,2025,0,0.0,,0.0
Asano,Mallorca,Forward,75.0,21,720000,3330000,2025,2610000,104.17,3.57,0.55
Manu Sánchez,Celta,Defender,113.0,33,650000,1740000,2025,1090000,173.85,3.42,0.87
Pau Víctor,Barcelona,Forward,59.0,21,650000,2290000,2025,1640000,90.77,2.81,0.55
Pedraza,Villarreal,Defender,43.0,12,640000,1620000,2025,980000,67.19,3.58,0.32
El Ghezouani,Elche,Forward,0.0,0,620000,620000,2025,0,0.0,,0.0
Dimitrievski,Valencia,Goalkeeper,8.0,4,610000,3720000,2025,3110000,13.11,2.0,0.11
Traoré,Real Sociedad,Defender,43.0,11,600000,3570000,2025,2970000,71.67,3.91,0.29
Pétrot,Elche,Defender,0.0,0,600000,600000,2025,0,0.0,,0.0
Larin,Mallorca,Forward,124.0,32,580000,4010000,2025,3430000,213.79,3.88,0.84
Moldovan,Real Oviedo,Goalkeeper,0.0,0,580000,750000,2025,170000,0.0,,0.0
Matías Moreno,Levante,Defender,0.0,0,560000,670000,2025,110000,0.0,,0.0
Toljan,Levante,Defender,0.0,0,550000,550000,2025,0,0.0,,0.0
David Alaba,Real Madrid,Defender,22.0,7,540000,3840000,2025,3300000,40.74,3.14,0.18
Adrián,Betis,Goalkeeper,79.0,19,540000,1730000,2025,1190000,146.3,4.16,0.5
Van de Beek,Girona,Midfielder,105.0,26,540000,6600000,2025,6060000,194.44,4.04,0.68
Saúl,Atlético,Midfielder,117.0,24,530000,3940000,2025,3410000,220.75,4.88,0.63
Christensen,Barcelona,Defender,19.0,5,510000,3720000,2025,3210000,37.25,3.8,0.13
Akhomach,Villarreal,Forward,56.0,11,480000,3430000,2025,2950000,116.67,5.09,0.29
Bakambu,Betis,Forward,85.0,25,470000,1450000,2025,980000,180.85,3.4,0.66
Mario Martín,Real Madrid,Midfielder,90.0,30,470000,1480000,2025,1010000,191.49,3.0,0.79
Pablo Ibáñez,Alavés,Midfielder,89.0,28,470000,570000,2025,100000,189.36,3.18,0.74
Abel Ruiz,Girona,Forward,76.0,23,470000,5280000,2025,4810000,161.7,3.3,0.61
Luengo,Real Oviedo,Defender,0.0,0,450000,450000,2025,0,0.0,,0.0
David Costas,Real Oviedo,Defender,0.0,0,440000,620000,2025,180000,0.0,,0.0
Lunin,Real Madrid,Goalkeeper,37.0,7,440000,1100000,2025,660000,84.09,5.29,0.18
Etta Eyong,Villarreal,Forward,17.0,4,430000,470000,2025,40000,39.53,4.25,0.11
Perraud,Betis,Defender,0.0,0,430000,3030000,2025,2600000,0.0,,0.0
Toni Martínez,Alavés,Forward,116.0,28,430000,4170000,2025,3740000,269.77,4.14,0.74
Turrientes,Real Sociedad,Midfielder,68.0,21,410000,2870000,2025,2460000,165.85,3.24,0.55
Molina,Atlético,Defender,119.0,30,410000,1990000,2025,1580000,290.24,3.97,0.79
Alhassane,Real Oviedo,Defender,0.0,0,400000,400000,2025,0,0.0,,0.0
Oriol Romeu,Barcelona,Midfielder,82.0,25,390000,3660000,2025,3270000,210.26,3.28,0.66
Coba Gomes,Getafe,Forward,70.0,19,390000,2520000,2025,2130000,179.49,3.68,0.5
Hugo Rincón,Athletic,Defender,0.0,0,390000,390000,2025,0,0.0,,0.0
Germán Valera,Elche,Forward,20.0,8,380000,380000,2025,0,52.63,2.5,0.21
Unai Gómez,Athletic,Midfielder,95.0,32,380000,890000,2025,510000,250.0,2.97,0.84
Marc Roca,Betis,Midfielder,79.0,14,370000,4130000,2025,3760000,213.51,5.64,0.37
Viñas,Real Oviedo,Forward,0.0,0,370000,390000,2025,20000,0.0,,0.0
Guevara,Alavés,Midfielder,106.0,33,360000,2560000,2025,2200000,294.44,3.21,0.87
Juanmi,Getafe,Forward,69.0,24,350000,3110000,2025,2760000,197.14,2.88,0.63
Matturro,Levante,Defender,0.0,0,350000,400000,2025,50000,0.0,,0.0
Héctor Fort,Barcelona,Defender,55.0,17,340000,1010000,2025,670000,161.76,3.24,0.45
Urko Izeta,Athletic,Forward,0.0,0,330000,330000,2025,0,0.0,,0.0
Bellerín,Betis,Defender,42.0,9,310000,1610000,2025,1300000,135.48,4.67,0.24
Iván Romero,Levante,Forward,0.0,0,310000,390000,2025,80000,0.0,,0.0
Peque,Sevilla,Forward,84.0,26,310000,3230000,2025,2920000,270.97,3.23,0.68
Mascarell,Mallorca,Midfielder,119.0,32,300000,880000,2025,580000,396.67,3.72,0.84
Domingos Duarte,Getafe,Defender,93.0,22,300000,2760000,2025,2460000,310.0,4.23,0.58
Iñaki Peña,Barcelona,Goalkeeper,75.0,16,300000,4270000,2025,3970000,250.0,4.69,0.42
Pacha Espino,Rayo Vallecano,Defender,57.0,16,300000,2750000,2025,2450000,190.0,3.56,0.42
Salinas,Espanyol,Defender,0.0,0,300000,380000,2025,80000,0.0,,0.0
Luka Ilic,Real Oviedo,Midfielder,0.0,0,300000,300000,2025,0,0.0,,0.0
Chimy Ávila,Betis,Forward,79.0,19,280000,3690000,2025,3410000,282.14,4.16,0.5
Dominguès,Real Oviedo,Midfielder,0.0,0,280000,280000,2025,0,0.0,,0.0
Carlos Martín,Atlético,Forward,0.0,0,270000,890000,2025,620000,0.0,,0.0
Forés,Villarreal,Forward,0.0,0,270000,270000,2025,0,0.0,,0.0
Miguel Rubio,Espanyol,Defender,0.0,0,260000,350000,2025,90000,0.0,,0.0
Herrando,Osasuna,Defender,68.0,18,260000,1870000,2025,1610000,261.54,3.78,0.47
Iturbe,Elche,Goalkeeper,0.0,0,260000,270000,2025,10000,0.0,,0.0
Mendy,Real Madrid,Defender,55.0,14,250000,4440000,2025,4190000,220.0,3.93,0.37
Elustondo,Real Sociedad,Defender,73.0,22,250000,1400000,2025,1150000,292.0,3.32,0.58
Aihen,Real Sociedad,Defender,65.0,21,250000,510000,2025,260000,260.0,3.1,0.55
Antonio Sánchez,Mallorca,Midfielder,96.0,33,240000,1680000,2025,1440000,400.0,2.91,0.87
Gumbau,Rayo Vallecano,Midfielder,76.0,22,240000,2440000,2025,2200000,316.67,3.45,0.58
Carlos Dominguez,Celta,Defender,70.0,19,240000,1440000,2025,1200000,291.67,3.68,0.5
Kambwala,Villarreal,Defender,53.0,19,240000,880000,2025,640000,220.83,2.79,0.5
Adrián Liso,Getafe,Forward,0.0,0,240000,320000,2025,80000,0.0,,0.0
Alex Sancris,Getafe,Forward,0.0,0,240000,340000,2025,100000,0.0,,0.0
Moi Gómez,Osasuna,Midfielder,0.0,0,230000,230000,2025,0,0.0,,0.0
Alex Sola,Getafe,Midfielder,44.0,19,230000,2360000,2025,2130000,191.3,2.32,0.5
Javi López,Real Sociedad,Defender,0.0,29,230000,3120000,2025,2890000,0.0,0.0,0.76
Raul García,Osasuna,Forward,102.0,32,230000,1190000,2025,960000,443.48,3.19,0.84
Zakharyan,Real Sociedad,Midfielder,20.0,3,230000,1390000,2025,1160000,86.96,6.67,0.08
Correia,Valencia,Defender,34.0,11,220000,2970000,2025,2750000,154.55,3.09,0.29
Vencedor,Athletic,Midfielder,0.0,0,220000,540000,2025,320000,0.0,,0.0
Dani Cárdenas,Rayo Vallecano,Goalkeeper,22.0,6,220000,2940000,2025,2720000,100.0,3.67,0.16
Adrià Altimira,Villarreal,Defender,76.0,22,220000,430000,2025,210000,345.45,3.45,0.58
Becker,Real Sociedad,Forward,92.0,22,220000,3100000,2025,2880000,418.18,4.18,0.58
Yoel Lago,Celta,Defender,25.0,8,220000,400000,2025,180000,113.64,3.12,0.21
Denis Suárez,Villarreal,Midfielder,79.0,21,210000,650000,2025,440000,376.19,3.76,0.55
Vesga,Athletic,Midfielder,80.0,25,210000,1210000,2025,1000000,380.95,3.2,0.66
Januzaj,Sevilla,Midfielder,84.0,18,210000,2750000,2025,2540000,400.0,4.67,0.47
Calero,Espanyol,Defender,79.0,21,210000,1130000,2025,920000,376.19,3.76,0.55
Juan Cruz,Osasuna,Defender,0.0,0,210000,370000,2025,160000,0.0,,0.0
Pablo García,Betis,Forward,7.0,3,210000,340000,2025,130000,33.33,2.33,0.08
Gonzalo Petit,Betis,Forward,0.0,0,210000,210000,2025,0,0.0,,0.0
Álvaro Fernández,Sevilla,Goalkeeper,23.0,9,200000,1490000,2025,1290000,115.0,2.56,0.24
Raúl Fernández,Alavés,Goalkeeper,0.0,0,200000,270000,2025,70000,0.0,,0.0
Iván Villar,Celta,Goalkeeper,15.0,4,200000,1430000,2025,1230000,75.0,3.75,0.11
John Donald,Elche,Midfielder,0.0,0,200000,250000,2025,50000,0.0,,0.0
Iheanacho,Sevilla,Forward,21.0,9,200000,3690000,2025,3490000,105.0,2.33,0.24
Ricardo Rodríguez,Betis,Defender,66.0,18,200000,2510000,2025,2310000,330.0,3.67,0.47
Gragera,Espanyol,Midfielder,32.0,10,190000,2050000,2025,1860000,168.42,3.2,0.26
Valery,Girona,Midfielder,56.0,18,190000,1690000,2025,1500000,294.74,3.11,0.47
Rafa Mir,Sevilla,Forward,61.0,20,190000,4670000,2025,4480000,321.05,3.05,0.53
Alberto del Moral,Real Oviedo,Midfielder,0.0,0,190000,360000,2025,170000,0.0,,0.0
Djaló,Athletic,Forward,54.0,17,190000,3580000,2025,3390000,284.21,3.18,0.45
Pau Navarro,Villarreal,Defender,49.0,17,190000,800000,2025,610000,257.89,2.88,0.45
Angel Ortiz,Betis,Defender,0.0,0,190000,1550000,2025,1360000,0.0,,0.0
Etienne Eto'o,Rayo Vallecano,Forward,4.0,2,190000,190000,2025,0,21.05,2.0,0.05
Pomares,Real Oviedo,Defender,0.0,0,190000,200000,2025,10000,0.0,,0.0
Mendoza,Elche,Midfielder,0.0,0,190000,200000,2025,10000,0.0,,0.0
Lekue,Athletic,Defender,44.0,16,180000,830000,2025,650000,244.44,2.75,0.42
Damián Rodríguez,Celta,Midfielder,64.0,17,180000,2730000,2025,2550000,355.56,3.76,0.45
Aitor Fernández,Osasuna,Goalkeeper,11.0,1,180000,270000,2025,90000,61.11,11.0,0.03
Jesús Vázquez,Valencia,Defender,50.0,19,180000,1560000,2025,1380000,277.78,2.63,0.5
Sotelo,Celta,Midfielder,82.0,24,180000,1110000,2025,930000,455.56,3.42,0.63
Vieites,Betis,Goalkeeper,16.0,4,180000,950000,2025,770000,88.89,4.0,0.11
Jhon Solís,Girona,Midfielder,37.0,19,180000,260000,2025,80000,205.56,1.95,0.5
Antoniu Roca,Espanyol,Forward,80.0,26,180000,940000,2025,760000,444.44,3.08,0.68
Sergio Lozano,Levante,Midfielder,0.0,0,180000,200000,2025,20000,0.0,,0.0
Diaby,Elche,Defender,0.0,0,180000,200000,2025,20000,0.0,,0.0
Marc Aguado,Elche,Midfielder,0.0,0,180000,210000,2025,30000,0.0,,0.0
Paulino,Real Oviedo,Forward,0.0,0,170000,270000,2025,100000,0.0,,0.0
Losada,Betis,Forward,64.0,22,170000,1620000,2025,1450000,376.47,2.91,0.58
Jon Pacheco,Real Sociedad,Defender,47.0,14,170000,2680000,2025,2510000,276.47,3.36,0.37
Iker Muñoz,Osasuna,Midfielder,0.0,0,170000,1880000,2025,1710000,0.0,,0.0
Guillamón,Valencia,Midfielder,28.0,12,170000,880000,2025,710000,164.71,2.33,0.32
Iker Benito,Osasuna,Midfielder,4.0,2,170000,360000,2025,190000,23.53,2.0,0.05
Boiro,Athletic,Defender,0.0,18,170000,240000,2025,70000,0.0,0.0,0.47
Ahijado,Real Oviedo,Defender,0.0,0,170000,180000,2025,10000,0.0,,0.0
Yusi Enríquez,Alavés,Defender,0.0,0,170000,170000,2025,0,0.0,,0.0
Cabello,Levante,Defender,0.0,0,170000,200000,2025,30000,0.0,,0.0
Trejo,Rayo Vallecano,Midfielder,53.0,19,160000,990000,2025,830000,331.25,2.79,0.5
Unai Núñez,Celta,Defender,42.0,10,160000,1820000,2025,1660000,262.5,4.2,0.26
Jairo,Elche,Midfielder,0.0,0,160000,200000,2025,40000,0.0,,0.0
Peter Federico,Getafe,Forward,0.0,17,160000,2750000,2025,2590000,0.0,0.0,0.45
Fran Pérez,Valencia,Forward,70.0,26,160000,810000,2025,650000,437.5,2.69,0.68
Idumbo,Sevilla,Midfielder,43.0,14,160000,2190000,2025,2030000,268.75,3.07,0.37
Benavidez,Alavés,Midfielder,70.0,18,160000,1130000,2025,970000,437.5,3.89,0.47
Abde Rebbach,Alavés,Forward,18.0,8,160000,370000,2025,210000,112.5,2.25,0.21
Mateu Morey,Mallorca,Defender,40.0,16,160000,220000,2025,60000,250.0,2.5,0.42
Francés,Girona,Defender,68.0,18,160000,2010000,2025,1850000,425.0,3.78,0.47
Juan Musso,Atlético,Goalkeeper,10.0,2,160000,3940000,2025,3780000,62.5,5.0,0.05
Akor Adams,Sevilla,Forward,9.0,4,160000,1670000,2025,1510000,56.25,2.25,0.11
Paraschiv,Real Oviedo,Forward,0.0,0,160000,180000,2025,20000,0.0,,0.0
Cardero,Real Oviedo,Midfielder,0.0,0,160000,170000,2025,10000,0.0,,0.0
Krapyvtsov,Girona,Goalkeeper,8.0,2,160000,170000,2025,10000,50.0,4.0,0.05
Manu Fernández,Celta,Defender,0.0,0,150000,170000,2025,20000,0.0,,0.0
Nikola Maras,Alavés,Defender,0.0,0,150000,310000,2025,160000,0.0,,0.0
Carlos Fernández,Real Sociedad,Forward,0.0,0,150000,370000,2025,220000,0.0,,0.0
Juan Carlos,Girona,Goalkeeper,0.0,1,150000,150000,2025,0,0.0,0.0,0.03
Cuéllar,Mallorca,Goalkeeper,0.0,0,150000,150000,2025,0,0.0,,0.0
Daniel Luna,Mallorca,Midfielder,6.0,2,150000,1210000,2025,1060000,40.0,3.0,0.05
Álvaro Lemos,Real Oviedo,Defender,0.0,0,150000,180000,2025,30000,0.0,,0.0
Villalibre,Alavés,Forward,42.0,16,150000,2080000,2025,1930000,280.0,2.62,0.42
Odriozola,Real Sociedad,Defender,5.0,2,150000,170000,2025,20000,33.33,2.5,0.05
Lato,Mallorca,Defender,0.0,0,150000,500000,2025,350000,0.0,,0.0
Pere Milla,Espanyol,Forward,0.0,0,150000,2030000,2025,1880000,0.0,,0.0
Fran González,Real Madrid,Goalkeeper,,1,150000,190000,2025,40000,,,0.03
Bauzà,Espanyol,Midfielder,9.0,5,150000,1670000,2025,1520000,60.0,1.8,0.13
Lemar,Atlético,Midfielder,14.0,5,150000,870000,2025,720000,93.33,2.8,0.13
Berrocal,Getafe,Defender,50.0,19,150000,850000,2025,700000,333.33,2.63,0.5
Óscar Clemente,Levante,Midfielder,0.0,0,150000,220000,2025,70000,0.0,,0.0
Jastin García,Girona,Forward,0.0,0,150000,160000,2025,10000,0.0,,0.0
Franco Cervi,Celta,Forward,19.0,7,150000,150000,2025,0,126.67,2.71,0.18
Kike Barja,Osasuna,Midfielder,48.0,15,150000,310000,2025,160000,320.0,3.2,0.39
Abdón Prats,Mallorca,Forward,68.0,24,150000,500000,2025,350000,453.33,2.83,0.63
Aidoo,Celta,Defender,13.0,9,150000,740000,2025,590000,86.67,1.44,0.24
Cristian Rivero,Valencia,Goalkeeper,0.0,0,150000,200000,2025,50000,0.0,,0.0
Miovski,Girona,Forward,60.0,17,150000,3180000,2025,3030000,400.0,3.53,0.45
Rubén Sánchez,Espanyol,Defender,0.0,0,150000,290000,2025,140000,0.0,,0.0
Nteka,Rayo Vallecano,Forward,87.0,24,150000,380000,2025,230000,580.0,3.62,0.63
Nico Serrano,Athletic,Forward,9.0,4,150000,290000,2025,140000,60.0,2.25,0.11
Javi Hernández,Espanyol,Midfielder,0.0,0,150000,220000,2025,70000,0.0,,0.0
Javi Llabrés,Mallorca,Forward,3.0,1,150000,250000,2025,100000,20.0,3.0,0.03
Cömert,Valencia,Defender,56.0,25,150000,1790000,2025,1640000,373.33,2.24,0.66
Rafa Núñez,Elche,Forward,0.0,0,150000,150000,2025,0,0.0,,0.0
Manu Bueno,Sevilla,Midfielder,29.0,9,150000,1460000,2025,1310000,193.33,3.22,0.24
